[0.090s] DEBUG:colcon:Command line arguments: ['/usr/bin/colcon', 'build']
[0.090s] DEBUG:colcon:Parsed command line arguments: Namespace(log_base=None, log_level=None, verb_name='build', build_base='build', install_base='install', merge_install=False, symlink_install=False, test_result_base=None, continue_on_error=False, executor='parallel', parallel_workers=16, event_handlers=None, ignore_user_meta=False, metas=['./colcon.meta'], base_paths=['.'], packages_ignore=None, packages_ignore_regex=None, paths=None, packages_up_to=None, packages_up_to_regex=None, packages_above=None, packages_above_and_dependencies=None, packages_above_depth=None, packages_select_by_dep=None, packages_skip_by_dep=None, packages_skip_up_to=None, packages_select_build_failed=False, packages_skip_build_finished=False, packages_select_test_failures=False, packages_skip_test_passed=False, packages_select=None, packages_skip=None, packages_select_regex=None, packages_skip_regex=None, packages_start=None, packages_end=None, cmake_args=None, cmake_target=None, cmake_target_skip_unavailable=False, cmake_clean_cache=False, cmake_clean_first=False, cmake_force_configure=False, ament_cmake_args=None, catkin_cmake_args=None, catkin_skip_building_tests=False, mixin_files=None, mixin=None, verb_parser=<colcon_mixin.mixin.mixin_argument.MixinArgumentDecorator object at 0x7195207face0>, verb_extension=<colcon_core.verb.build.BuildVerb object at 0x7195207fa650>, main=<bound method BuildVerb.main of <colcon_core.verb.build.BuildVerb object at 0x7195207fa650>>, mixin_verb=('build',))
[0.200s] Level 1:colcon.colcon_core.package_discovery:discover_packages(colcon_meta) check parameters
[0.200s] Level 1:colcon.colcon_core.package_discovery:discover_packages(recursive) check parameters
[0.200s] Level 1:colcon.colcon_core.package_discovery:discover_packages(ignore) check parameters
[0.200s] Level 1:colcon.colcon_core.package_discovery:discover_packages(path) check parameters
[0.200s] Level 1:colcon.colcon_core.package_discovery:discover_packages(colcon_meta) discover
[0.200s] Level 1:colcon.colcon_core.package_discovery:discover_packages(recursive) discover
[0.200s] INFO:colcon.colcon_core.package_discovery:Crawling recursively for packages in '/home/zima/d_hospital'
[0.200s] Level 1:colcon.colcon_core.package_identification:_identify(.) by extensions ['ignore', 'ignore_ament_install']
[0.200s] Level 1:colcon.colcon_core.package_identification:_identify(.) by extension 'ignore'
[0.200s] Level 1:colcon.colcon_core.package_identification:_identify(.) by extension 'ignore_ament_install'
[0.201s] Level 1:colcon.colcon_core.package_identification:_identify(.) by extensions ['colcon_pkg']
[0.201s] Level 1:colcon.colcon_core.package_identification:_identify(.) by extension 'colcon_pkg'
[0.201s] Level 1:colcon.colcon_core.package_identification:_identify(.) by extensions ['colcon_meta']
[0.201s] Level 1:colcon.colcon_core.package_identification:_identify(.) by extension 'colcon_meta'
[0.201s] Level 1:colcon.colcon_core.package_identification:_identify(.) by extensions ['ros']
[0.201s] Level 1:colcon.colcon_core.package_identification:_identify(.) by extension 'ros'
[0.209s] Level 1:colcon.colcon_core.package_identification:_identify(.) by extensions ['cmake', 'python']
[0.209s] Level 1:colcon.colcon_core.package_identification:_identify(.) by extension 'cmake'
[0.209s] Level 1:colcon.colcon_core.package_identification:_identify(.) by extension 'python'
[0.209s] Level 1:colcon.colcon_core.package_identification:_identify(.) by extensions ['python_setup_py']
[0.209s] Level 1:colcon.colcon_core.package_identification:_identify(.) by extension 'python_setup_py'
[0.209s] Level 1:colcon.colcon_core.package_identification:_identify(WiringPi) by extensions ['ignore', 'ignore_ament_install']
[0.209s] Level 1:colcon.colcon_core.package_identification:_identify(WiringPi) by extension 'ignore'
[0.209s] Level 1:colcon.colcon_core.package_identification:_identify(WiringPi) by extension 'ignore_ament_install'
[0.209s] Level 1:colcon.colcon_core.package_identification:_identify(WiringPi) by extensions ['colcon_pkg']
[0.209s] Level 1:colcon.colcon_core.package_identification:_identify(WiringPi) by extension 'colcon_pkg'
[0.209s] Level 1:colcon.colcon_core.package_identification:_identify(WiringPi) by extensions ['colcon_meta']
[0.209s] Level 1:colcon.colcon_core.package_identification:_identify(WiringPi) by extension 'colcon_meta'
[0.209s] Level 1:colcon.colcon_core.package_identification:_identify(WiringPi) by extensions ['ros']
[0.209s] Level 1:colcon.colcon_core.package_identification:_identify(WiringPi) by extension 'ros'
[0.210s] Level 1:colcon.colcon_core.package_identification:_identify(WiringPi) by extensions ['cmake', 'python']
[0.210s] Level 1:colcon.colcon_core.package_identification:_identify(WiringPi) by extension 'cmake'
[0.210s] Level 1:colcon.colcon_core.package_identification:_identify(WiringPi) by extension 'python'
[0.210s] Level 1:colcon.colcon_core.package_identification:_identify(WiringPi) by extensions ['python_setup_py']
[0.210s] Level 1:colcon.colcon_core.package_identification:_identify(WiringPi) by extension 'python_setup_py'
[0.210s] Level 1:colcon.colcon_core.package_identification:_identify(WiringPi/debian) by extensions ['ignore', 'ignore_ament_install']
[0.210s] Level 1:colcon.colcon_core.package_identification:_identify(WiringPi/debian) by extension 'ignore'
[0.210s] Level 1:colcon.colcon_core.package_identification:_identify(WiringPi/debian) by extension 'ignore_ament_install'
[0.210s] Level 1:colcon.colcon_core.package_identification:_identify(WiringPi/debian) by extensions ['colcon_pkg']
[0.210s] Level 1:colcon.colcon_core.package_identification:_identify(WiringPi/debian) by extension 'colcon_pkg'
[0.210s] Level 1:colcon.colcon_core.package_identification:_identify(WiringPi/debian) by extensions ['colcon_meta']
[0.210s] Level 1:colcon.colcon_core.package_identification:_identify(WiringPi/debian) by extension 'colcon_meta'
[0.210s] Level 1:colcon.colcon_core.package_identification:_identify(WiringPi/debian) by extensions ['ros']
[0.210s] Level 1:colcon.colcon_core.package_identification:_identify(WiringPi/debian) by extension 'ros'
[0.210s] Level 1:colcon.colcon_core.package_identification:_identify(WiringPi/debian) by extensions ['cmake', 'python']
[0.210s] Level 1:colcon.colcon_core.package_identification:_identify(WiringPi/debian) by extension 'cmake'
[0.210s] Level 1:colcon.colcon_core.package_identification:_identify(WiringPi/debian) by extension 'python'
[0.210s] Level 1:colcon.colcon_core.package_identification:_identify(WiringPi/debian) by extensions ['python_setup_py']
[0.210s] Level 1:colcon.colcon_core.package_identification:_identify(WiringPi/debian) by extension 'python_setup_py'
[0.210s] Level 1:colcon.colcon_core.package_identification:_identify(WiringPi/debian-template) by extensions ['ignore', 'ignore_ament_install']
[0.210s] Level 1:colcon.colcon_core.package_identification:_identify(WiringPi/debian-template) by extension 'ignore'
[0.210s] Level 1:colcon.colcon_core.package_identification:_identify(WiringPi/debian-template) by extension 'ignore_ament_install'
[0.210s] Level 1:colcon.colcon_core.package_identification:_identify(WiringPi/debian-template) by extensions ['colcon_pkg']
[0.210s] Level 1:colcon.colcon_core.package_identification:_identify(WiringPi/debian-template) by extension 'colcon_pkg'
[0.210s] Level 1:colcon.colcon_core.package_identification:_identify(WiringPi/debian-template) by extensions ['colcon_meta']
[0.210s] Level 1:colcon.colcon_core.package_identification:_identify(WiringPi/debian-template) by extension 'colcon_meta'
[0.210s] Level 1:colcon.colcon_core.package_identification:_identify(WiringPi/debian-template) by extensions ['ros']
[0.210s] Level 1:colcon.colcon_core.package_identification:_identify(WiringPi/debian-template) by extension 'ros'
[0.211s] Level 1:colcon.colcon_core.package_identification:_identify(WiringPi/debian-template) by extensions ['cmake', 'python']
[0.211s] Level 1:colcon.colcon_core.package_identification:_identify(WiringPi/debian-template) by extension 'cmake'
[0.211s] Level 1:colcon.colcon_core.package_identification:_identify(WiringPi/debian-template) by extension 'python'
[0.211s] Level 1:colcon.colcon_core.package_identification:_identify(WiringPi/debian-template) by extensions ['python_setup_py']
[0.211s] Level 1:colcon.colcon_core.package_identification:_identify(WiringPi/debian-template) by extension 'python_setup_py'
[0.211s] Level 1:colcon.colcon_core.package_identification:_identify(WiringPi/debian-template/wiringPi) by extensions ['ignore', 'ignore_ament_install']
[0.211s] Level 1:colcon.colcon_core.package_identification:_identify(WiringPi/debian-template/wiringPi) by extension 'ignore'
[0.211s] Level 1:colcon.colcon_core.package_identification:_identify(WiringPi/debian-template/wiringPi) by extension 'ignore_ament_install'
[0.211s] Level 1:colcon.colcon_core.package_identification:_identify(WiringPi/debian-template/wiringPi) by extensions ['colcon_pkg']
[0.211s] Level 1:colcon.colcon_core.package_identification:_identify(WiringPi/debian-template/wiringPi) by extension 'colcon_pkg'
[0.211s] Level 1:colcon.colcon_core.package_identification:_identify(WiringPi/debian-template/wiringPi) by extensions ['colcon_meta']
[0.211s] Level 1:colcon.colcon_core.package_identification:_identify(WiringPi/debian-template/wiringPi) by extension 'colcon_meta'
[0.211s] Level 1:colcon.colcon_core.package_identification:_identify(WiringPi/debian-template/wiringPi) by extensions ['ros']
[0.211s] Level 1:colcon.colcon_core.package_identification:_identify(WiringPi/debian-template/wiringPi) by extension 'ros'
[0.211s] Level 1:colcon.colcon_core.package_identification:_identify(WiringPi/debian-template/wiringPi) by extensions ['cmake', 'python']
[0.211s] Level 1:colcon.colcon_core.package_identification:_identify(WiringPi/debian-template/wiringPi) by extension 'cmake'
[0.211s] Level 1:colcon.colcon_core.package_identification:_identify(WiringPi/debian-template/wiringPi) by extension 'python'
[0.211s] Level 1:colcon.colcon_core.package_identification:_identify(WiringPi/debian-template/wiringPi) by extensions ['python_setup_py']
[0.211s] Level 1:colcon.colcon_core.package_identification:_identify(WiringPi/debian-template/wiringPi) by extension 'python_setup_py'
[0.211s] Level 1:colcon.colcon_core.package_identification:_identify(WiringPi/debian-template/wiringPi/DEBIAN) by extensions ['ignore', 'ignore_ament_install']
[0.211s] Level 1:colcon.colcon_core.package_identification:_identify(WiringPi/debian-template/wiringPi/DEBIAN) by extension 'ignore'
[0.211s] Level 1:colcon.colcon_core.package_identification:_identify(WiringPi/debian-template/wiringPi/DEBIAN) by extension 'ignore_ament_install'
[0.211s] Level 1:colcon.colcon_core.package_identification:_identify(WiringPi/debian-template/wiringPi/DEBIAN) by extensions ['colcon_pkg']
[0.211s] Level 1:colcon.colcon_core.package_identification:_identify(WiringPi/debian-template/wiringPi/DEBIAN) by extension 'colcon_pkg'
[0.211s] Level 1:colcon.colcon_core.package_identification:_identify(WiringPi/debian-template/wiringPi/DEBIAN) by extensions ['colcon_meta']
[0.211s] Level 1:colcon.colcon_core.package_identification:_identify(WiringPi/debian-template/wiringPi/DEBIAN) by extension 'colcon_meta'
[0.211s] Level 1:colcon.colcon_core.package_identification:_identify(WiringPi/debian-template/wiringPi/DEBIAN) by extensions ['ros']
[0.211s] Level 1:colcon.colcon_core.package_identification:_identify(WiringPi/debian-template/wiringPi/DEBIAN) by extension 'ros'
[0.211s] Level 1:colcon.colcon_core.package_identification:_identify(WiringPi/debian-template/wiringPi/DEBIAN) by extensions ['cmake', 'python']
[0.211s] Level 1:colcon.colcon_core.package_identification:_identify(WiringPi/debian-template/wiringPi/DEBIAN) by extension 'cmake'
[0.212s] Level 1:colcon.colcon_core.package_identification:_identify(WiringPi/debian-template/wiringPi/DEBIAN) by extension 'python'
[0.212s] Level 1:colcon.colcon_core.package_identification:_identify(WiringPi/debian-template/wiringPi/DEBIAN) by extensions ['python_setup_py']
[0.212s] Level 1:colcon.colcon_core.package_identification:_identify(WiringPi/debian-template/wiringPi/DEBIAN) by extension 'python_setup_py'
[0.212s] Level 1:colcon.colcon_core.package_identification:_identify(WiringPi/devLib) by extensions ['ignore', 'ignore_ament_install']
[0.212s] Level 1:colcon.colcon_core.package_identification:_identify(WiringPi/devLib) by extension 'ignore'
[0.212s] Level 1:colcon.colcon_core.package_identification:_identify(WiringPi/devLib) by extension 'ignore_ament_install'
[0.212s] Level 1:colcon.colcon_core.package_identification:_identify(WiringPi/devLib) by extensions ['colcon_pkg']
[0.212s] Level 1:colcon.colcon_core.package_identification:_identify(WiringPi/devLib) by extension 'colcon_pkg'
[0.212s] Level 1:colcon.colcon_core.package_identification:_identify(WiringPi/devLib) by extensions ['colcon_meta']
[0.212s] Level 1:colcon.colcon_core.package_identification:_identify(WiringPi/devLib) by extension 'colcon_meta'
[0.212s] Level 1:colcon.colcon_core.package_identification:_identify(WiringPi/devLib) by extensions ['ros']
[0.212s] Level 1:colcon.colcon_core.package_identification:_identify(WiringPi/devLib) by extension 'ros'
[0.212s] Level 1:colcon.colcon_core.package_identification:_identify(WiringPi/devLib) by extensions ['cmake', 'python']
[0.212s] Level 1:colcon.colcon_core.package_identification:_identify(WiringPi/devLib) by extension 'cmake'
[0.212s] Level 1:colcon.colcon_core.package_identification:_identify(WiringPi/devLib) by extension 'python'
[0.212s] Level 1:colcon.colcon_core.package_identification:_identify(WiringPi/devLib) by extensions ['python_setup_py']
[0.212s] Level 1:colcon.colcon_core.package_identification:_identify(WiringPi/devLib) by extension 'python_setup_py'
[0.212s] Level 1:colcon.colcon_core.package_identification:_identify(WiringPi/examples) by extensions ['ignore', 'ignore_ament_install']
[0.212s] Level 1:colcon.colcon_core.package_identification:_identify(WiringPi/examples) by extension 'ignore'
[0.212s] Level 1:colcon.colcon_core.package_identification:_identify(WiringPi/examples) by extension 'ignore_ament_install'
[0.212s] Level 1:colcon.colcon_core.package_identification:_identify(WiringPi/examples) by extensions ['colcon_pkg']
[0.212s] Level 1:colcon.colcon_core.package_identification:_identify(WiringPi/examples) by extension 'colcon_pkg'
[0.212s] Level 1:colcon.colcon_core.package_identification:_identify(WiringPi/examples) by extensions ['colcon_meta']
[0.212s] Level 1:colcon.colcon_core.package_identification:_identify(WiringPi/examples) by extension 'colcon_meta'
[0.212s] Level 1:colcon.colcon_core.package_identification:_identify(WiringPi/examples) by extensions ['ros']
[0.212s] Level 1:colcon.colcon_core.package_identification:_identify(WiringPi/examples) by extension 'ros'
[0.212s] Level 1:colcon.colcon_core.package_identification:_identify(WiringPi/examples) by extensions ['cmake', 'python']
[0.212s] Level 1:colcon.colcon_core.package_identification:_identify(WiringPi/examples) by extension 'cmake'
[0.212s] Level 1:colcon.colcon_core.package_identification:_identify(WiringPi/examples) by extension 'python'
[0.212s] Level 1:colcon.colcon_core.package_identification:_identify(WiringPi/examples) by extensions ['python_setup_py']
[0.213s] Level 1:colcon.colcon_core.package_identification:_identify(WiringPi/examples) by extension 'python_setup_py'
[0.213s] Level 1:colcon.colcon_core.package_identification:_identify(WiringPi/examples/Gertboard) by extensions ['ignore', 'ignore_ament_install']
[0.213s] Level 1:colcon.colcon_core.package_identification:_identify(WiringPi/examples/Gertboard) by extension 'ignore'
[0.213s] Level 1:colcon.colcon_core.package_identification:_identify(WiringPi/examples/Gertboard) by extension 'ignore_ament_install'
[0.213s] Level 1:colcon.colcon_core.package_identification:_identify(WiringPi/examples/Gertboard) by extensions ['colcon_pkg']
[0.213s] Level 1:colcon.colcon_core.package_identification:_identify(WiringPi/examples/Gertboard) by extension 'colcon_pkg'
[0.213s] Level 1:colcon.colcon_core.package_identification:_identify(WiringPi/examples/Gertboard) by extensions ['colcon_meta']
[0.213s] Level 1:colcon.colcon_core.package_identification:_identify(WiringPi/examples/Gertboard) by extension 'colcon_meta'
[0.213s] Level 1:colcon.colcon_core.package_identification:_identify(WiringPi/examples/Gertboard) by extensions ['ros']
[0.213s] Level 1:colcon.colcon_core.package_identification:_identify(WiringPi/examples/Gertboard) by extension 'ros'
[0.213s] Level 1:colcon.colcon_core.package_identification:_identify(WiringPi/examples/Gertboard) by extensions ['cmake', 'python']
[0.213s] Level 1:colcon.colcon_core.package_identification:_identify(WiringPi/examples/Gertboard) by extension 'cmake'
[0.213s] Level 1:colcon.colcon_core.package_identification:_identify(WiringPi/examples/Gertboard) by extension 'python'
[0.213s] Level 1:colcon.colcon_core.package_identification:_identify(WiringPi/examples/Gertboard) by extensions ['python_setup_py']
[0.213s] Level 1:colcon.colcon_core.package_identification:_identify(WiringPi/examples/Gertboard) by extension 'python_setup_py'
[0.213s] Level 1:colcon.colcon_core.package_identification:_identify(WiringPi/examples/PiFace) by extensions ['ignore', 'ignore_ament_install']
[0.213s] Level 1:colcon.colcon_core.package_identification:_identify(WiringPi/examples/PiFace) by extension 'ignore'
[0.213s] Level 1:colcon.colcon_core.package_identification:_identify(WiringPi/examples/PiFace) by extension 'ignore_ament_install'
[0.213s] Level 1:colcon.colcon_core.package_identification:_identify(WiringPi/examples/PiFace) by extensions ['colcon_pkg']
[0.213s] Level 1:colcon.colcon_core.package_identification:_identify(WiringPi/examples/PiFace) by extension 'colcon_pkg'
[0.213s] Level 1:colcon.colcon_core.package_identification:_identify(WiringPi/examples/PiFace) by extensions ['colcon_meta']
[0.213s] Level 1:colcon.colcon_core.package_identification:_identify(WiringPi/examples/PiFace) by extension 'colcon_meta'
[0.213s] Level 1:colcon.colcon_core.package_identification:_identify(WiringPi/examples/PiFace) by extensions ['ros']
[0.213s] Level 1:colcon.colcon_core.package_identification:_identify(WiringPi/examples/PiFace) by extension 'ros'
[0.213s] Level 1:colcon.colcon_core.package_identification:_identify(WiringPi/examples/PiFace) by extensions ['cmake', 'python']
[0.213s] Level 1:colcon.colcon_core.package_identification:_identify(WiringPi/examples/PiFace) by extension 'cmake'
[0.213s] Level 1:colcon.colcon_core.package_identification:_identify(WiringPi/examples/PiFace) by extension 'python'
[0.213s] Level 1:colcon.colcon_core.package_identification:_identify(WiringPi/examples/PiFace) by extensions ['python_setup_py']
[0.213s] Level 1:colcon.colcon_core.package_identification:_identify(WiringPi/examples/PiFace) by extension 'python_setup_py'
[0.213s] Level 1:colcon.colcon_core.package_identification:_identify(WiringPi/examples/PiGlow) by extensions ['ignore', 'ignore_ament_install']
[0.214s] Level 1:colcon.colcon_core.package_identification:_identify(WiringPi/examples/PiGlow) by extension 'ignore'
[0.214s] Level 1:colcon.colcon_core.package_identification:_identify(WiringPi/examples/PiGlow) by extension 'ignore_ament_install'
[0.214s] Level 1:colcon.colcon_core.package_identification:_identify(WiringPi/examples/PiGlow) by extensions ['colcon_pkg']
[0.214s] Level 1:colcon.colcon_core.package_identification:_identify(WiringPi/examples/PiGlow) by extension 'colcon_pkg'
[0.214s] Level 1:colcon.colcon_core.package_identification:_identify(WiringPi/examples/PiGlow) by extensions ['colcon_meta']
[0.214s] Level 1:colcon.colcon_core.package_identification:_identify(WiringPi/examples/PiGlow) by extension 'colcon_meta'
[0.214s] Level 1:colcon.colcon_core.package_identification:_identify(WiringPi/examples/PiGlow) by extensions ['ros']
[0.214s] Level 1:colcon.colcon_core.package_identification:_identify(WiringPi/examples/PiGlow) by extension 'ros'
[0.214s] Level 1:colcon.colcon_core.package_identification:_identify(WiringPi/examples/PiGlow) by extensions ['cmake', 'python']
[0.214s] Level 1:colcon.colcon_core.package_identification:_identify(WiringPi/examples/PiGlow) by extension 'cmake'
[0.214s] Level 1:colcon.colcon_core.package_identification:_identify(WiringPi/examples/PiGlow) by extension 'python'
[0.214s] Level 1:colcon.colcon_core.package_identification:_identify(WiringPi/examples/PiGlow) by extensions ['python_setup_py']
[0.214s] Level 1:colcon.colcon_core.package_identification:_identify(WiringPi/examples/PiGlow) by extension 'python_setup_py'
[0.214s] Level 1:colcon.colcon_core.package_identification:_identify(WiringPi/examples/q2w) by extensions ['ignore', 'ignore_ament_install']
[0.214s] Level 1:colcon.colcon_core.package_identification:_identify(WiringPi/examples/q2w) by extension 'ignore'
[0.214s] Level 1:colcon.colcon_core.package_identification:_identify(WiringPi/examples/q2w) by extension 'ignore_ament_install'
[0.214s] Level 1:colcon.colcon_core.package_identification:_identify(WiringPi/examples/q2w) by extensions ['colcon_pkg']
[0.214s] Level 1:colcon.colcon_core.package_identification:_identify(WiringPi/examples/q2w) by extension 'colcon_pkg'
[0.214s] Level 1:colcon.colcon_core.package_identification:_identify(WiringPi/examples/q2w) by extensions ['colcon_meta']
[0.214s] Level 1:colcon.colcon_core.package_identification:_identify(WiringPi/examples/q2w) by extension 'colcon_meta'
[0.214s] Level 1:colcon.colcon_core.package_identification:_identify(WiringPi/examples/q2w) by extensions ['ros']
[0.214s] Level 1:colcon.colcon_core.package_identification:_identify(WiringPi/examples/q2w) by extension 'ros'
[0.214s] Level 1:colcon.colcon_core.package_identification:_identify(WiringPi/examples/q2w) by extensions ['cmake', 'python']
[0.214s] Level 1:colcon.colcon_core.package_identification:_identify(WiringPi/examples/q2w) by extension 'cmake'
[0.214s] Level 1:colcon.colcon_core.package_identification:_identify(WiringPi/examples/q2w) by extension 'python'
[0.214s] Level 1:colcon.colcon_core.package_identification:_identify(WiringPi/examples/q2w) by extensions ['python_setup_py']
[0.214s] Level 1:colcon.colcon_core.package_identification:_identify(WiringPi/examples/q2w) by extension 'python_setup_py'
[0.214s] Level 1:colcon.colcon_core.package_identification:_identify(WiringPi/examples/scrollPhat) by extensions ['ignore', 'ignore_ament_install']
[0.214s] Level 1:colcon.colcon_core.package_identification:_identify(WiringPi/examples/scrollPhat) by extension 'ignore'
[0.214s] Level 1:colcon.colcon_core.package_identification:_identify(WiringPi/examples/scrollPhat) by extension 'ignore_ament_install'
[0.214s] Level 1:colcon.colcon_core.package_identification:_identify(WiringPi/examples/scrollPhat) by extensions ['colcon_pkg']
[0.214s] Level 1:colcon.colcon_core.package_identification:_identify(WiringPi/examples/scrollPhat) by extension 'colcon_pkg'
[0.214s] Level 1:colcon.colcon_core.package_identification:_identify(WiringPi/examples/scrollPhat) by extensions ['colcon_meta']
[0.214s] Level 1:colcon.colcon_core.package_identification:_identify(WiringPi/examples/scrollPhat) by extension 'colcon_meta'
[0.214s] Level 1:colcon.colcon_core.package_identification:_identify(WiringPi/examples/scrollPhat) by extensions ['ros']
[0.215s] Level 1:colcon.colcon_core.package_identification:_identify(WiringPi/examples/scrollPhat) by extension 'ros'
[0.215s] Level 1:colcon.colcon_core.package_identification:_identify(WiringPi/examples/scrollPhat) by extensions ['cmake', 'python']
[0.215s] Level 1:colcon.colcon_core.package_identification:_identify(WiringPi/examples/scrollPhat) by extension 'cmake'
[0.215s] Level 1:colcon.colcon_core.package_identification:_identify(WiringPi/examples/scrollPhat) by extension 'python'
[0.215s] Level 1:colcon.colcon_core.package_identification:_identify(WiringPi/examples/scrollPhat) by extensions ['python_setup_py']
[0.215s] Level 1:colcon.colcon_core.package_identification:_identify(WiringPi/examples/scrollPhat) by extension 'python_setup_py'
[0.215s] Level 1:colcon.colcon_core.package_identification:_identify(WiringPi/gpio) by extensions ['ignore', 'ignore_ament_install']
[0.215s] Level 1:colcon.colcon_core.package_identification:_identify(WiringPi/gpio) by extension 'ignore'
[0.215s] Level 1:colcon.colcon_core.package_identification:_identify(WiringPi/gpio) by extension 'ignore_ament_install'
[0.215s] Level 1:colcon.colcon_core.package_identification:_identify(WiringPi/gpio) by extensions ['colcon_pkg']
[0.215s] Level 1:colcon.colcon_core.package_identification:_identify(WiringPi/gpio) by extension 'colcon_pkg'
[0.215s] Level 1:colcon.colcon_core.package_identification:_identify(WiringPi/gpio) by extensions ['colcon_meta']
[0.215s] Level 1:colcon.colcon_core.package_identification:_identify(WiringPi/gpio) by extension 'colcon_meta'
[0.215s] Level 1:colcon.colcon_core.package_identification:_identify(WiringPi/gpio) by extensions ['ros']
[0.215s] Level 1:colcon.colcon_core.package_identification:_identify(WiringPi/gpio) by extension 'ros'
[0.215s] Level 1:colcon.colcon_core.package_identification:_identify(WiringPi/gpio) by extensions ['cmake', 'python']
[0.215s] Level 1:colcon.colcon_core.package_identification:_identify(WiringPi/gpio) by extension 'cmake'
[0.215s] Level 1:colcon.colcon_core.package_identification:_identify(WiringPi/gpio) by extension 'python'
[0.215s] Level 1:colcon.colcon_core.package_identification:_identify(WiringPi/gpio) by extensions ['python_setup_py']
[0.215s] Level 1:colcon.colcon_core.package_identification:_identify(WiringPi/gpio) by extension 'python_setup_py'
[0.215s] Level 1:colcon.colcon_core.package_identification:_identify(WiringPi/pins) by extensions ['ignore', 'ignore_ament_install']
[0.215s] Level 1:colcon.colcon_core.package_identification:_identify(WiringPi/pins) by extension 'ignore'
[0.215s] Level 1:colcon.colcon_core.package_identification:_identify(WiringPi/pins) by extension 'ignore_ament_install'
[0.215s] Level 1:colcon.colcon_core.package_identification:_identify(WiringPi/pins) by extensions ['colcon_pkg']
[0.215s] Level 1:colcon.colcon_core.package_identification:_identify(WiringPi/pins) by extension 'colcon_pkg'
[0.215s] Level 1:colcon.colcon_core.package_identification:_identify(WiringPi/pins) by extensions ['colcon_meta']
[0.215s] Level 1:colcon.colcon_core.package_identification:_identify(WiringPi/pins) by extension 'colcon_meta'
[0.215s] Level 1:colcon.colcon_core.package_identification:_identify(WiringPi/pins) by extensions ['ros']
[0.215s] Level 1:colcon.colcon_core.package_identification:_identify(WiringPi/pins) by extension 'ros'
[0.215s] Level 1:colcon.colcon_core.package_identification:_identify(WiringPi/pins) by extensions ['cmake', 'python']
[0.215s] Level 1:colcon.colcon_core.package_identification:_identify(WiringPi/pins) by extension 'cmake'
[0.215s] Level 1:colcon.colcon_core.package_identification:_identify(WiringPi/pins) by extension 'python'
[0.215s] Level 1:colcon.colcon_core.package_identification:_identify(WiringPi/pins) by extensions ['python_setup_py']
[0.215s] Level 1:colcon.colcon_core.package_identification:_identify(WiringPi/pins) by extension 'python_setup_py'
[0.216s] Level 1:colcon.colcon_core.package_identification:_identify(WiringPi/wiringPi) by extensions ['ignore', 'ignore_ament_install']
[0.216s] Level 1:colcon.colcon_core.package_identification:_identify(WiringPi/wiringPi) by extension 'ignore'
[0.216s] Level 1:colcon.colcon_core.package_identification:_identify(WiringPi/wiringPi) by extension 'ignore_ament_install'
[0.216s] Level 1:colcon.colcon_core.package_identification:_identify(WiringPi/wiringPi) by extensions ['colcon_pkg']
[0.216s] Level 1:colcon.colcon_core.package_identification:_identify(WiringPi/wiringPi) by extension 'colcon_pkg'
[0.216s] Level 1:colcon.colcon_core.package_identification:_identify(WiringPi/wiringPi) by extensions ['colcon_meta']
[0.216s] Level 1:colcon.colcon_core.package_identification:_identify(WiringPi/wiringPi) by extension 'colcon_meta'
[0.216s] Level 1:colcon.colcon_core.package_identification:_identify(WiringPi/wiringPi) by extensions ['ros']
[0.216s] Level 1:colcon.colcon_core.package_identification:_identify(WiringPi/wiringPi) by extension 'ros'
[0.216s] Level 1:colcon.colcon_core.package_identification:_identify(WiringPi/wiringPi) by extensions ['cmake', 'python']
[0.216s] Level 1:colcon.colcon_core.package_identification:_identify(WiringPi/wiringPi) by extension 'cmake'
[0.216s] Level 1:colcon.colcon_core.package_identification:_identify(WiringPi/wiringPi) by extension 'python'
[0.216s] Level 1:colcon.colcon_core.package_identification:_identify(WiringPi/wiringPi) by extensions ['python_setup_py']
[0.216s] Level 1:colcon.colcon_core.package_identification:_identify(WiringPi/wiringPi) by extension 'python_setup_py'
[0.216s] Level 1:colcon.colcon_core.package_identification:_identify(WiringPi/wiringPiD) by extensions ['ignore', 'ignore_ament_install']
[0.216s] Level 1:colcon.colcon_core.package_identification:_identify(WiringPi/wiringPiD) by extension 'ignore'
[0.216s] Level 1:colcon.colcon_core.package_identification:_identify(WiringPi/wiringPiD) by extension 'ignore_ament_install'
[0.216s] Level 1:colcon.colcon_core.package_identification:_identify(WiringPi/wiringPiD) by extensions ['colcon_pkg']
[0.216s] Level 1:colcon.colcon_core.package_identification:_identify(WiringPi/wiringPiD) by extension 'colcon_pkg'
[0.216s] Level 1:colcon.colcon_core.package_identification:_identify(WiringPi/wiringPiD) by extensions ['colcon_meta']
[0.216s] Level 1:colcon.colcon_core.package_identification:_identify(WiringPi/wiringPiD) by extension 'colcon_meta'
[0.216s] Level 1:colcon.colcon_core.package_identification:_identify(WiringPi/wiringPiD) by extensions ['ros']
[0.216s] Level 1:colcon.colcon_core.package_identification:_identify(WiringPi/wiringPiD) by extension 'ros'
[0.216s] Level 1:colcon.colcon_core.package_identification:_identify(WiringPi/wiringPiD) by extensions ['cmake', 'python']
[0.216s] Level 1:colcon.colcon_core.package_identification:_identify(WiringPi/wiringPiD) by extension 'cmake'
[0.216s] Level 1:colcon.colcon_core.package_identification:_identify(WiringPi/wiringPiD) by extension 'python'
[0.216s] Level 1:colcon.colcon_core.package_identification:_identify(WiringPi/wiringPiD) by extensions ['python_setup_py']
[0.216s] Level 1:colcon.colcon_core.package_identification:_identify(WiringPi/wiringPiD) by extension 'python_setup_py'
[0.216s] Level 1:colcon.colcon_core.package_identification:_identify(build) by extensions ['ignore', 'ignore_ament_install']
[0.216s] Level 1:colcon.colcon_core.package_identification:_identify(build) by extension 'ignore'
[0.216s] Level 1:colcon.colcon_core.package_identification:_identify(build) ignored
[0.216s] Level 1:colcon.colcon_core.package_identification:_identify(install) by extensions ['ignore', 'ignore_ament_install']
[0.216s] Level 1:colcon.colcon_core.package_identification:_identify(install) by extension 'ignore'
[0.216s] Level 1:colcon.colcon_core.package_identification:_identify(install) ignored
[0.217s] Level 1:colcon.colcon_core.package_identification:_identify(log) by extensions ['ignore', 'ignore_ament_install']
[0.217s] Level 1:colcon.colcon_core.package_identification:_identify(log) by extension 'ignore'
[0.217s] Level 1:colcon.colcon_core.package_identification:_identify(log) ignored
[0.217s] Level 1:colcon.colcon_core.package_identification:_identify(src) by extensions ['ignore', 'ignore_ament_install']
[0.217s] Level 1:colcon.colcon_core.package_identification:_identify(src) by extension 'ignore'
[0.217s] Level 1:colcon.colcon_core.package_identification:_identify(src) by extension 'ignore_ament_install'
[0.217s] Level 1:colcon.colcon_core.package_identification:_identify(src) by extensions ['colcon_pkg']
[0.217s] Level 1:colcon.colcon_core.package_identification:_identify(src) by extension 'colcon_pkg'
[0.217s] Level 1:colcon.colcon_core.package_identification:_identify(src) by extensions ['colcon_meta']
[0.217s] Level 1:colcon.colcon_core.package_identification:_identify(src) by extension 'colcon_meta'
[0.217s] Level 1:colcon.colcon_core.package_identification:_identify(src) by extensions ['ros']
[0.217s] Level 1:colcon.colcon_core.package_identification:_identify(src) by extension 'ros'
[0.217s] Level 1:colcon.colcon_core.package_identification:_identify(src) by extensions ['cmake', 'python']
[0.217s] Level 1:colcon.colcon_core.package_identification:_identify(src) by extension 'cmake'
[0.217s] Level 1:colcon.colcon_core.package_identification:_identify(src) by extension 'python'
[0.217s] Level 1:colcon.colcon_core.package_identification:_identify(src) by extensions ['python_setup_py']
[0.217s] Level 1:colcon.colcon_core.package_identification:_identify(src) by extension 'python_setup_py'
[0.217s] Level 1:colcon.colcon_core.package_identification:_identify(src/d_hospital_description) by extensions ['ignore', 'ignore_ament_install']
[0.217s] Level 1:colcon.colcon_core.package_identification:_identify(src/d_hospital_description) by extension 'ignore'
[0.217s] Level 1:colcon.colcon_core.package_identification:_identify(src/d_hospital_description) by extension 'ignore_ament_install'
[0.217s] Level 1:colcon.colcon_core.package_identification:_identify(src/d_hospital_description) by extensions ['colcon_pkg']
[0.217s] Level 1:colcon.colcon_core.package_identification:_identify(src/d_hospital_description) by extension 'colcon_pkg'
[0.217s] Level 1:colcon.colcon_core.package_identification:_identify(src/d_hospital_description) by extensions ['colcon_meta']
[0.217s] Level 1:colcon.colcon_core.package_identification:_identify(src/d_hospital_description) by extension 'colcon_meta'
[0.217s] Level 1:colcon.colcon_core.package_identification:_identify(src/d_hospital_description) by extensions ['ros']
[0.217s] Level 1:colcon.colcon_core.package_identification:_identify(src/d_hospital_description) by extension 'ros'
[0.219s] DEBUG:colcon.colcon_core.package_identification:Package 'src/d_hospital_description' with type 'ros.ament_cmake' and name 'd_hospital_description'
[0.219s] Level 1:colcon.colcon_core.package_identification:_identify(src/d_hospital_gazebo2) by extensions ['ignore', 'ignore_ament_install']
[0.219s] Level 1:colcon.colcon_core.package_identification:_identify(src/d_hospital_gazebo2) by extension 'ignore'
[0.219s] Level 1:colcon.colcon_core.package_identification:_identify(src/d_hospital_gazebo2) by extension 'ignore_ament_install'
[0.219s] Level 1:colcon.colcon_core.package_identification:_identify(src/d_hospital_gazebo2) by extensions ['colcon_pkg']
[0.219s] Level 1:colcon.colcon_core.package_identification:_identify(src/d_hospital_gazebo2) by extension 'colcon_pkg'
[0.219s] Level 1:colcon.colcon_core.package_identification:_identify(src/d_hospital_gazebo2) by extensions ['colcon_meta']
[0.219s] Level 1:colcon.colcon_core.package_identification:_identify(src/d_hospital_gazebo2) by extension 'colcon_meta'
[0.219s] Level 1:colcon.colcon_core.package_identification:_identify(src/d_hospital_gazebo2) by extensions ['ros']
[0.219s] Level 1:colcon.colcon_core.package_identification:_identify(src/d_hospital_gazebo2) by extension 'ros'
[0.220s] DEBUG:colcon.colcon_core.package_identification:Package 'src/d_hospital_gazebo2' with type 'ros.ament_cmake' and name 'd_hospital_gazebo2'
[0.220s] Level 1:colcon.colcon_core.package_identification:_identify(src/d_hospital_gz) by extensions ['ignore', 'ignore_ament_install']
[0.220s] Level 1:colcon.colcon_core.package_identification:_identify(src/d_hospital_gz) by extension 'ignore'
[0.220s] Level 1:colcon.colcon_core.package_identification:_identify(src/d_hospital_gz) by extension 'ignore_ament_install'
[0.220s] Level 1:colcon.colcon_core.package_identification:_identify(src/d_hospital_gz) by extensions ['colcon_pkg']
[0.220s] Level 1:colcon.colcon_core.package_identification:_identify(src/d_hospital_gz) by extension 'colcon_pkg'
[0.220s] Level 1:colcon.colcon_core.package_identification:_identify(src/d_hospital_gz) by extensions ['colcon_meta']
[0.220s] Level 1:colcon.colcon_core.package_identification:_identify(src/d_hospital_gz) by extension 'colcon_meta'
[0.220s] Level 1:colcon.colcon_core.package_identification:_identify(src/d_hospital_gz) by extensions ['ros']
[0.220s] Level 1:colcon.colcon_core.package_identification:_identify(src/d_hospital_gz) by extension 'ros'
[0.221s] DEBUG:colcon.colcon_core.package_identification:Package 'src/d_hospital_gz' with type 'ros.ament_cmake' and name 'd_hospital_gz'
[0.221s] Level 1:colcon.colcon_core.package_identification:_identify(src/d_hospital_navigation2) by extensions ['ignore', 'ignore_ament_install']
[0.221s] Level 1:colcon.colcon_core.package_identification:_identify(src/d_hospital_navigation2) by extension 'ignore'
[0.221s] Level 1:colcon.colcon_core.package_identification:_identify(src/d_hospital_navigation2) by extension 'ignore_ament_install'
[0.221s] Level 1:colcon.colcon_core.package_identification:_identify(src/d_hospital_navigation2) by extensions ['colcon_pkg']
[0.221s] Level 1:colcon.colcon_core.package_identification:_identify(src/d_hospital_navigation2) by extension 'colcon_pkg'
[0.221s] Level 1:colcon.colcon_core.package_identification:_identify(src/d_hospital_navigation2) by extensions ['colcon_meta']
[0.221s] Level 1:colcon.colcon_core.package_identification:_identify(src/d_hospital_navigation2) by extension 'colcon_meta'
[0.221s] Level 1:colcon.colcon_core.package_identification:_identify(src/d_hospital_navigation2) by extensions ['ros']
[0.221s] Level 1:colcon.colcon_core.package_identification:_identify(src/d_hospital_navigation2) by extension 'ros'
[0.222s] DEBUG:colcon.colcon_core.package_identification:Package 'src/d_hospital_navigation2' with type 'ros.ament_cmake' and name 'd_hospital_navigation2'
[0.222s] Level 1:colcon.colcon_core.package_identification:_identify(src/d_hospital_slam) by extensions ['ignore', 'ignore_ament_install']
[0.222s] Level 1:colcon.colcon_core.package_identification:_identify(src/d_hospital_slam) by extension 'ignore'
[0.222s] Level 1:colcon.colcon_core.package_identification:_identify(src/d_hospital_slam) by extension 'ignore_ament_install'
[0.222s] Level 1:colcon.colcon_core.package_identification:_identify(src/d_hospital_slam) by extensions ['colcon_pkg']
[0.222s] Level 1:colcon.colcon_core.package_identification:_identify(src/d_hospital_slam) by extension 'colcon_pkg'
[0.222s] Level 1:colcon.colcon_core.package_identification:_identify(src/d_hospital_slam) by extensions ['colcon_meta']
[0.222s] Level 1:colcon.colcon_core.package_identification:_identify(src/d_hospital_slam) by extension 'colcon_meta'
[0.222s] Level 1:colcon.colcon_core.package_identification:_identify(src/d_hospital_slam) by extensions ['ros']
[0.222s] Level 1:colcon.colcon_core.package_identification:_identify(src/d_hospital_slam) by extension 'ros'
[0.222s] DEBUG:colcon.colcon_core.package_identification:Package 'src/d_hospital_slam' with type 'ros.ament_cmake' and name 'd_hospital_slam'
[0.223s] Level 1:colcon.colcon_core.package_identification:_identify(src/d_hospital_teleop) by extensions ['ignore', 'ignore_ament_install']
[0.223s] Level 1:colcon.colcon_core.package_identification:_identify(src/d_hospital_teleop) by extension 'ignore'
[0.223s] Level 1:colcon.colcon_core.package_identification:_identify(src/d_hospital_teleop) by extension 'ignore_ament_install'
[0.223s] Level 1:colcon.colcon_core.package_identification:_identify(src/d_hospital_teleop) by extensions ['colcon_pkg']
[0.223s] Level 1:colcon.colcon_core.package_identification:_identify(src/d_hospital_teleop) by extension 'colcon_pkg'
[0.223s] Level 1:colcon.colcon_core.package_identification:_identify(src/d_hospital_teleop) by extensions ['colcon_meta']
[0.223s] Level 1:colcon.colcon_core.package_identification:_identify(src/d_hospital_teleop) by extension 'colcon_meta'
[0.223s] Level 1:colcon.colcon_core.package_identification:_identify(src/d_hospital_teleop) by extensions ['ros']
[0.223s] Level 1:colcon.colcon_core.package_identification:_identify(src/d_hospital_teleop) by extension 'ros'
[0.223s] DEBUG:colcon.colcon_core.package_identification:Package 'src/d_hospital_teleop' with type 'ros.ament_cmake' and name 'd_hospital_teleop'
[0.223s] Level 1:colcon.colcon_core.package_identification:_identify(src/firmware_minihema) by extensions ['ignore', 'ignore_ament_install']
[0.223s] Level 1:colcon.colcon_core.package_identification:_identify(src/firmware_minihema) by extension 'ignore'
[0.223s] Level 1:colcon.colcon_core.package_identification:_identify(src/firmware_minihema) by extension 'ignore_ament_install'
[0.223s] Level 1:colcon.colcon_core.package_identification:_identify(src/firmware_minihema) by extensions ['colcon_pkg']
[0.223s] Level 1:colcon.colcon_core.package_identification:_identify(src/firmware_minihema) by extension 'colcon_pkg'
[0.223s] Level 1:colcon.colcon_core.package_identification:_identify(src/firmware_minihema) by extensions ['colcon_meta']
[0.224s] Level 1:colcon.colcon_core.package_identification:_identify(src/firmware_minihema) by extension 'colcon_meta'
[0.224s] Level 1:colcon.colcon_core.package_identification:_identify(src/firmware_minihema) by extensions ['ros']
[0.224s] Level 1:colcon.colcon_core.package_identification:_identify(src/firmware_minihema) by extension 'ros'
[0.224s] DEBUG:colcon.colcon_core.package_identification:Package 'src/firmware_minihema' with type 'ros.ament_cmake' and name 'firmware_minihema'
[0.224s] Level 1:colcon.colcon_core.package_identification:_identify(src/minihema_launch) by extensions ['ignore', 'ignore_ament_install']
[0.224s] Level 1:colcon.colcon_core.package_identification:_identify(src/minihema_launch) by extension 'ignore'
[0.224s] Level 1:colcon.colcon_core.package_identification:_identify(src/minihema_launch) by extension 'ignore_ament_install'
[0.224s] Level 1:colcon.colcon_core.package_identification:_identify(src/minihema_launch) by extensions ['colcon_pkg']
[0.224s] Level 1:colcon.colcon_core.package_identification:_identify(src/minihema_launch) by extension 'colcon_pkg'
[0.224s] Level 1:colcon.colcon_core.package_identification:_identify(src/minihema_launch) by extensions ['colcon_meta']
[0.224s] Level 1:colcon.colcon_core.package_identification:_identify(src/minihema_launch) by extension 'colcon_meta'
[0.224s] Level 1:colcon.colcon_core.package_identification:_identify(src/minihema_launch) by extensions ['ros']
[0.224s] Level 1:colcon.colcon_core.package_identification:_identify(src/minihema_launch) by extension 'ros'
[0.225s] DEBUG:colcon.colcon_core.package_identification:Package 'src/minihema_launch' with type 'ros.ament_cmake' and name 'minihema_launch'
[0.225s] Level 1:colcon.colcon_core.package_discovery:discover_packages(recursive) using defaults
[0.225s] Level 1:colcon.colcon_core.package_discovery:discover_packages(ignore) discover
[0.225s] Level 1:colcon.colcon_core.package_discovery:discover_packages(ignore) using defaults
[0.225s] Level 1:colcon.colcon_core.package_discovery:discover_packages(path) discover
[0.225s] Level 1:colcon.colcon_core.package_discovery:discover_packages(path) using defaults
[0.241s] Level 5:colcon.colcon_core.verb:set package 'd_hospital_description' build argument 'cmake_args' from command line to 'None'
[0.241s] Level 5:colcon.colcon_core.verb:set package 'd_hospital_description' build argument 'cmake_target' from command line to 'None'
[0.241s] Level 5:colcon.colcon_core.verb:set package 'd_hospital_description' build argument 'cmake_target_skip_unavailable' from command line to 'False'
[0.241s] Level 5:colcon.colcon_core.verb:set package 'd_hospital_description' build argument 'cmake_clean_cache' from command line to 'False'
[0.241s] Level 5:colcon.colcon_core.verb:set package 'd_hospital_description' build argument 'cmake_clean_first' from command line to 'False'
[0.241s] Level 5:colcon.colcon_core.verb:set package 'd_hospital_description' build argument 'cmake_force_configure' from command line to 'False'
[0.241s] Level 5:colcon.colcon_core.verb:set package 'd_hospital_description' build argument 'ament_cmake_args' from command line to 'None'
[0.241s] Level 5:colcon.colcon_core.verb:set package 'd_hospital_description' build argument 'catkin_cmake_args' from command line to 'None'
[0.241s] Level 5:colcon.colcon_core.verb:set package 'd_hospital_description' build argument 'catkin_skip_building_tests' from command line to 'False'
[0.241s] DEBUG:colcon.colcon_core.verb:Building package 'd_hospital_description' with the following arguments: {'ament_cmake_args': None, 'build_base': '/home/zima/d_hospital/build/d_hospital_description', 'catkin_cmake_args': None, 'catkin_skip_building_tests': False, 'cmake_args': None, 'cmake_clean_cache': False, 'cmake_clean_first': False, 'cmake_force_configure': False, 'cmake_target': None, 'cmake_target_skip_unavailable': False, 'install_base': '/home/zima/d_hospital/install/d_hospital_description', 'merge_install': False, 'path': '/home/zima/d_hospital/src/d_hospital_description', 'symlink_install': False, 'test_result_base': None}
[0.241s] Level 5:colcon.colcon_core.verb:set package 'd_hospital_gazebo2' build argument 'cmake_args' from command line to 'None'
[0.241s] Level 5:colcon.colcon_core.verb:set package 'd_hospital_gazebo2' build argument 'cmake_target' from command line to 'None'
[0.241s] Level 5:colcon.colcon_core.verb:set package 'd_hospital_gazebo2' build argument 'cmake_target_skip_unavailable' from command line to 'False'
[0.241s] Level 5:colcon.colcon_core.verb:set package 'd_hospital_gazebo2' build argument 'cmake_clean_cache' from command line to 'False'
[0.241s] Level 5:colcon.colcon_core.verb:set package 'd_hospital_gazebo2' build argument 'cmake_clean_first' from command line to 'False'
[0.241s] Level 5:colcon.colcon_core.verb:set package 'd_hospital_gazebo2' build argument 'cmake_force_configure' from command line to 'False'
[0.241s] Level 5:colcon.colcon_core.verb:set package 'd_hospital_gazebo2' build argument 'ament_cmake_args' from command line to 'None'
[0.241s] Level 5:colcon.colcon_core.verb:set package 'd_hospital_gazebo2' build argument 'catkin_cmake_args' from command line to 'None'
[0.241s] Level 5:colcon.colcon_core.verb:set package 'd_hospital_gazebo2' build argument 'catkin_skip_building_tests' from command line to 'False'
[0.241s] DEBUG:colcon.colcon_core.verb:Building package 'd_hospital_gazebo2' with the following arguments: {'ament_cmake_args': None, 'build_base': '/home/zima/d_hospital/build/d_hospital_gazebo2', 'catkin_cmake_args': None, 'catkin_skip_building_tests': False, 'cmake_args': None, 'cmake_clean_cache': False, 'cmake_clean_first': False, 'cmake_force_configure': False, 'cmake_target': None, 'cmake_target_skip_unavailable': False, 'install_base': '/home/zima/d_hospital/install/d_hospital_gazebo2', 'merge_install': False, 'path': '/home/zima/d_hospital/src/d_hospital_gazebo2', 'symlink_install': False, 'test_result_base': None}
[0.242s] Level 5:colcon.colcon_core.verb:set package 'd_hospital_navigation2' build argument 'cmake_args' from command line to 'None'
[0.242s] Level 5:colcon.colcon_core.verb:set package 'd_hospital_navigation2' build argument 'cmake_target' from command line to 'None'
[0.242s] Level 5:colcon.colcon_core.verb:set package 'd_hospital_navigation2' build argument 'cmake_target_skip_unavailable' from command line to 'False'
[0.242s] Level 5:colcon.colcon_core.verb:set package 'd_hospital_navigation2' build argument 'cmake_clean_cache' from command line to 'False'
[0.242s] Level 5:colcon.colcon_core.verb:set package 'd_hospital_navigation2' build argument 'cmake_clean_first' from command line to 'False'
[0.242s] Level 5:colcon.colcon_core.verb:set package 'd_hospital_navigation2' build argument 'cmake_force_configure' from command line to 'False'
[0.242s] Level 5:colcon.colcon_core.verb:set package 'd_hospital_navigation2' build argument 'ament_cmake_args' from command line to 'None'
[0.242s] Level 5:colcon.colcon_core.verb:set package 'd_hospital_navigation2' build argument 'catkin_cmake_args' from command line to 'None'
[0.242s] Level 5:colcon.colcon_core.verb:set package 'd_hospital_navigation2' build argument 'catkin_skip_building_tests' from command line to 'False'
[0.242s] DEBUG:colcon.colcon_core.verb:Building package 'd_hospital_navigation2' with the following arguments: {'ament_cmake_args': None, 'build_base': '/home/zima/d_hospital/build/d_hospital_navigation2', 'catkin_cmake_args': None, 'catkin_skip_building_tests': False, 'cmake_args': None, 'cmake_clean_cache': False, 'cmake_clean_first': False, 'cmake_force_configure': False, 'cmake_target': None, 'cmake_target_skip_unavailable': False, 'install_base': '/home/zima/d_hospital/install/d_hospital_navigation2', 'merge_install': False, 'path': '/home/zima/d_hospital/src/d_hospital_navigation2', 'symlink_install': False, 'test_result_base': None}
[0.242s] Level 5:colcon.colcon_core.verb:set package 'd_hospital_slam' build argument 'cmake_args' from command line to 'None'
[0.242s] Level 5:colcon.colcon_core.verb:set package 'd_hospital_slam' build argument 'cmake_target' from command line to 'None'
[0.242s] Level 5:colcon.colcon_core.verb:set package 'd_hospital_slam' build argument 'cmake_target_skip_unavailable' from command line to 'False'
[0.242s] Level 5:colcon.colcon_core.verb:set package 'd_hospital_slam' build argument 'cmake_clean_cache' from command line to 'False'
[0.242s] Level 5:colcon.colcon_core.verb:set package 'd_hospital_slam' build argument 'cmake_clean_first' from command line to 'False'
[0.242s] Level 5:colcon.colcon_core.verb:set package 'd_hospital_slam' build argument 'cmake_force_configure' from command line to 'False'
[0.242s] Level 5:colcon.colcon_core.verb:set package 'd_hospital_slam' build argument 'ament_cmake_args' from command line to 'None'
[0.242s] Level 5:colcon.colcon_core.verb:set package 'd_hospital_slam' build argument 'catkin_cmake_args' from command line to 'None'
[0.242s] Level 5:colcon.colcon_core.verb:set package 'd_hospital_slam' build argument 'catkin_skip_building_tests' from command line to 'False'
[0.242s] DEBUG:colcon.colcon_core.verb:Building package 'd_hospital_slam' with the following arguments: {'ament_cmake_args': None, 'build_base': '/home/zima/d_hospital/build/d_hospital_slam', 'catkin_cmake_args': None, 'catkin_skip_building_tests': False, 'cmake_args': None, 'cmake_clean_cache': False, 'cmake_clean_first': False, 'cmake_force_configure': False, 'cmake_target': None, 'cmake_target_skip_unavailable': False, 'install_base': '/home/zima/d_hospital/install/d_hospital_slam', 'merge_install': False, 'path': '/home/zima/d_hospital/src/d_hospital_slam', 'symlink_install': False, 'test_result_base': None}
[0.242s] Level 5:colcon.colcon_core.verb:set package 'd_hospital_teleop' build argument 'cmake_args' from command line to 'None'
[0.242s] Level 5:colcon.colcon_core.verb:set package 'd_hospital_teleop' build argument 'cmake_target' from command line to 'None'
[0.242s] Level 5:colcon.colcon_core.verb:set package 'd_hospital_teleop' build argument 'cmake_target_skip_unavailable' from command line to 'False'
[0.242s] Level 5:colcon.colcon_core.verb:set package 'd_hospital_teleop' build argument 'cmake_clean_cache' from command line to 'False'
[0.242s] Level 5:colcon.colcon_core.verb:set package 'd_hospital_teleop' build argument 'cmake_clean_first' from command line to 'False'
[0.242s] Level 5:colcon.colcon_core.verb:set package 'd_hospital_teleop' build argument 'cmake_force_configure' from command line to 'False'
[0.242s] Level 5:colcon.colcon_core.verb:set package 'd_hospital_teleop' build argument 'ament_cmake_args' from command line to 'None'
[0.242s] Level 5:colcon.colcon_core.verb:set package 'd_hospital_teleop' build argument 'catkin_cmake_args' from command line to 'None'
[0.242s] Level 5:colcon.colcon_core.verb:set package 'd_hospital_teleop' build argument 'catkin_skip_building_tests' from command line to 'False'
[0.242s] DEBUG:colcon.colcon_core.verb:Building package 'd_hospital_teleop' with the following arguments: {'ament_cmake_args': None, 'build_base': '/home/zima/d_hospital/build/d_hospital_teleop', 'catkin_cmake_args': None, 'catkin_skip_building_tests': False, 'cmake_args': None, 'cmake_clean_cache': False, 'cmake_clean_first': False, 'cmake_force_configure': False, 'cmake_target': None, 'cmake_target_skip_unavailable': False, 'install_base': '/home/zima/d_hospital/install/d_hospital_teleop', 'merge_install': False, 'path': '/home/zima/d_hospital/src/d_hospital_teleop', 'symlink_install': False, 'test_result_base': None}
[0.242s] Level 5:colcon.colcon_core.verb:set package 'firmware_minihema' build argument 'cmake_args' from command line to 'None'
[0.242s] Level 5:colcon.colcon_core.verb:set package 'firmware_minihema' build argument 'cmake_target' from command line to 'None'
[0.242s] Level 5:colcon.colcon_core.verb:set package 'firmware_minihema' build argument 'cmake_target_skip_unavailable' from command line to 'False'
[0.242s] Level 5:colcon.colcon_core.verb:set package 'firmware_minihema' build argument 'cmake_clean_cache' from command line to 'False'
[0.242s] Level 5:colcon.colcon_core.verb:set package 'firmware_minihema' build argument 'cmake_clean_first' from command line to 'False'
[0.242s] Level 5:colcon.colcon_core.verb:set package 'firmware_minihema' build argument 'cmake_force_configure' from command line to 'False'
[0.243s] Level 5:colcon.colcon_core.verb:set package 'firmware_minihema' build argument 'ament_cmake_args' from command line to 'None'
[0.243s] Level 5:colcon.colcon_core.verb:set package 'firmware_minihema' build argument 'catkin_cmake_args' from command line to 'None'
[0.243s] Level 5:colcon.colcon_core.verb:set package 'firmware_minihema' build argument 'catkin_skip_building_tests' from command line to 'False'
[0.243s] DEBUG:colcon.colcon_core.verb:Building package 'firmware_minihema' with the following arguments: {'ament_cmake_args': None, 'build_base': '/home/zima/d_hospital/build/firmware_minihema', 'catkin_cmake_args': None, 'catkin_skip_building_tests': False, 'cmake_args': None, 'cmake_clean_cache': False, 'cmake_clean_first': False, 'cmake_force_configure': False, 'cmake_target': None, 'cmake_target_skip_unavailable': False, 'install_base': '/home/zima/d_hospital/install/firmware_minihema', 'merge_install': False, 'path': '/home/zima/d_hospital/src/firmware_minihema', 'symlink_install': False, 'test_result_base': None}
[0.243s] Level 5:colcon.colcon_core.verb:set package 'minihema_launch' build argument 'cmake_args' from command line to 'None'
[0.243s] Level 5:colcon.colcon_core.verb:set package 'minihema_launch' build argument 'cmake_target' from command line to 'None'
[0.243s] Level 5:colcon.colcon_core.verb:set package 'minihema_launch' build argument 'cmake_target_skip_unavailable' from command line to 'False'
[0.243s] Level 5:colcon.colcon_core.verb:set package 'minihema_launch' build argument 'cmake_clean_cache' from command line to 'False'
[0.243s] Level 5:colcon.colcon_core.verb:set package 'minihema_launch' build argument 'cmake_clean_first' from command line to 'False'
[0.243s] Level 5:colcon.colcon_core.verb:set package 'minihema_launch' build argument 'cmake_force_configure' from command line to 'False'
[0.243s] Level 5:colcon.colcon_core.verb:set package 'minihema_launch' build argument 'ament_cmake_args' from command line to 'None'
[0.243s] Level 5:colcon.colcon_core.verb:set package 'minihema_launch' build argument 'catkin_cmake_args' from command line to 'None'
[0.243s] Level 5:colcon.colcon_core.verb:set package 'minihema_launch' build argument 'catkin_skip_building_tests' from command line to 'False'
[0.243s] DEBUG:colcon.colcon_core.verb:Building package 'minihema_launch' with the following arguments: {'ament_cmake_args': None, 'build_base': '/home/zima/d_hospital/build/minihema_launch', 'catkin_cmake_args': None, 'catkin_skip_building_tests': False, 'cmake_args': None, 'cmake_clean_cache': False, 'cmake_clean_first': False, 'cmake_force_configure': False, 'cmake_target': None, 'cmake_target_skip_unavailable': False, 'install_base': '/home/zima/d_hospital/install/minihema_launch', 'merge_install': False, 'path': '/home/zima/d_hospital/src/minihema_launch', 'symlink_install': False, 'test_result_base': None}
[0.243s] Level 5:colcon.colcon_core.verb:set package 'd_hospital_gz' build argument 'cmake_args' from command line to 'None'
[0.243s] Level 5:colcon.colcon_core.verb:set package 'd_hospital_gz' build argument 'cmake_target' from command line to 'None'
[0.243s] Level 5:colcon.colcon_core.verb:set package 'd_hospital_gz' build argument 'cmake_target_skip_unavailable' from command line to 'False'
[0.243s] Level 5:colcon.colcon_core.verb:set package 'd_hospital_gz' build argument 'cmake_clean_cache' from command line to 'False'
[0.243s] Level 5:colcon.colcon_core.verb:set package 'd_hospital_gz' build argument 'cmake_clean_first' from command line to 'False'
[0.243s] Level 5:colcon.colcon_core.verb:set package 'd_hospital_gz' build argument 'cmake_force_configure' from command line to 'False'
[0.243s] Level 5:colcon.colcon_core.verb:set package 'd_hospital_gz' build argument 'ament_cmake_args' from command line to 'None'
[0.243s] Level 5:colcon.colcon_core.verb:set package 'd_hospital_gz' build argument 'catkin_cmake_args' from command line to 'None'
[0.243s] Level 5:colcon.colcon_core.verb:set package 'd_hospital_gz' build argument 'catkin_skip_building_tests' from command line to 'False'
[0.243s] DEBUG:colcon.colcon_core.verb:Building package 'd_hospital_gz' with the following arguments: {'ament_cmake_args': None, 'build_base': '/home/zima/d_hospital/build/d_hospital_gz', 'catkin_cmake_args': None, 'catkin_skip_building_tests': False, 'cmake_args': None, 'cmake_clean_cache': False, 'cmake_clean_first': False, 'cmake_force_configure': False, 'cmake_target': None, 'cmake_target_skip_unavailable': False, 'install_base': '/home/zima/d_hospital/install/d_hospital_gz', 'merge_install': False, 'path': '/home/zima/d_hospital/src/d_hospital_gz', 'symlink_install': False, 'test_result_base': None}
[0.243s] INFO:colcon.colcon_core.executor:Executing jobs using 'parallel' executor
[0.244s] DEBUG:colcon.colcon_parallel_executor.executor.parallel:run_until_complete
[0.245s] INFO:colcon.colcon_ros.task.ament_cmake.build:Building ROS package in '/home/zima/d_hospital/src/d_hospital_description' with build type 'ament_cmake'
[0.245s] INFO:colcon.colcon_cmake.task.cmake.build:Building CMake package in '/home/zima/d_hospital/src/d_hospital_description'
[0.247s] INFO:colcon.colcon_core.plugin_system:Skipping extension 'colcon_core.shell.bat': Not used on non-Windows systems
[0.248s] INFO:colcon.colcon_core.shell:Skip shell extension 'powershell' for command environment: Not usable outside of PowerShell
[0.248s] DEBUG:colcon.colcon_core.shell:Skip shell extension 'dsv' for command environment
[0.249s] WARNING:colcon.colcon_ros.prefix_path.ament:The path '/home/zima/d_hospital/install/minihema_launch' in the environment variable AMENT_PREFIX_PATH doesn't exist
[0.249s] WARNING:colcon.colcon_ros.prefix_path.ament:The path '/home/zima/d_hospital/install/firmware_minihema' in the environment variable AMENT_PREFIX_PATH doesn't exist
[0.249s] WARNING:colcon.colcon_ros.prefix_path.ament:The path '/home/zima/d_hospital/install/d_hospital_teleop' in the environment variable AMENT_PREFIX_PATH doesn't exist
[0.249s] WARNING:colcon.colcon_ros.prefix_path.ament:The path '/home/zima/d_hospital/install/d_hospital_slam' in the environment variable AMENT_PREFIX_PATH doesn't exist
[0.249s] WARNING:colcon.colcon_ros.prefix_path.ament:The path '/home/zima/d_hospital/install/d_hospital_navigation2' in the environment variable AMENT_PREFIX_PATH doesn't exist
[0.249s] WARNING:colcon.colcon_ros.prefix_path.ament:The path '/home/zima/d_hospital/install/d_hospital_gz' in the environment variable AMENT_PREFIX_PATH doesn't exist
[0.249s] WARNING:colcon.colcon_ros.prefix_path.ament:The path '/home/zima/d_hospital/install/d_hospital_gazebo2' in the environment variable AMENT_PREFIX_PATH doesn't exist
[0.250s] WARNING:colcon.colcon_ros.prefix_path.ament:The path '/home/zima/d_hospital/install/d_hospital_description' in the environment variable AMENT_PREFIX_PATH doesn't exist
[0.250s] WARNING:colcon.colcon_ros.prefix_path.catkin:The path '/home/zima/d_hospital/install/minihema_launch' in the environment variable CMAKE_PREFIX_PATH doesn't exist
[0.250s] WARNING:colcon.colcon_ros.prefix_path.catkin:The path '/home/zima/d_hospital/install/firmware_minihema' in the environment variable CMAKE_PREFIX_PATH doesn't exist
[0.250s] WARNING:colcon.colcon_ros.prefix_path.catkin:The path '/home/zima/d_hospital/install/d_hospital_teleop' in the environment variable CMAKE_PREFIX_PATH doesn't exist
[0.250s] WARNING:colcon.colcon_ros.prefix_path.catkin:The path '/home/zima/d_hospital/install/d_hospital_slam' in the environment variable CMAKE_PREFIX_PATH doesn't exist
[0.250s] WARNING:colcon.colcon_ros.prefix_path.catkin:The path '/home/zima/d_hospital/install/d_hospital_navigation2' in the environment variable CMAKE_PREFIX_PATH doesn't exist
[0.250s] WARNING:colcon.colcon_ros.prefix_path.catkin:The path '/home/zima/d_hospital/install/d_hospital_gz' in the environment variable CMAKE_PREFIX_PATH doesn't exist
[0.250s] WARNING:colcon.colcon_ros.prefix_path.catkin:The path '/home/zima/d_hospital/install/d_hospital_gazebo2' in the environment variable CMAKE_PREFIX_PATH doesn't exist
[0.250s] WARNING:colcon.colcon_ros.prefix_path.catkin:The path '/home/zima/d_hospital/install/d_hospital_description' in the environment variable CMAKE_PREFIX_PATH doesn't exist
[0.253s] INFO:colcon.colcon_ros.task.ament_cmake.build:Building ROS package in '/home/zima/d_hospital/src/d_hospital_gazebo2' with build type 'ament_cmake'
[0.253s] INFO:colcon.colcon_cmake.task.cmake.build:Building CMake package in '/home/zima/d_hospital/src/d_hospital_gazebo2'
[0.253s] INFO:colcon.colcon_core.shell:Skip shell extension 'powershell' for command environment: Not usable outside of PowerShell
[0.254s] DEBUG:colcon.colcon_core.shell:Skip shell extension 'dsv' for command environment
[0.256s] INFO:colcon.colcon_ros.task.ament_cmake.build:Building ROS package in '/home/zima/d_hospital/src/d_hospital_navigation2' with build type 'ament_cmake'
[0.257s] INFO:colcon.colcon_cmake.task.cmake.build:Building CMake package in '/home/zima/d_hospital/src/d_hospital_navigation2'
[0.257s] INFO:colcon.colcon_core.shell:Skip shell extension 'powershell' for command environment: Not usable outside of PowerShell
[0.257s] DEBUG:colcon.colcon_core.shell:Skip shell extension 'dsv' for command environment
[0.260s] INFO:colcon.colcon_ros.task.ament_cmake.build:Building ROS package in '/home/zima/d_hospital/src/d_hospital_slam' with build type 'ament_cmake'
[0.260s] INFO:colcon.colcon_cmake.task.cmake.build:Building CMake package in '/home/zima/d_hospital/src/d_hospital_slam'
[0.260s] INFO:colcon.colcon_core.shell:Skip shell extension 'powershell' for command environment: Not usable outside of PowerShell
[0.260s] DEBUG:colcon.colcon_core.shell:Skip shell extension 'dsv' for command environment
[0.262s] INFO:colcon.colcon_ros.task.ament_cmake.build:Building ROS package in '/home/zima/d_hospital/src/d_hospital_teleop' with build type 'ament_cmake'
[0.262s] INFO:colcon.colcon_cmake.task.cmake.build:Building CMake package in '/home/zima/d_hospital/src/d_hospital_teleop'
[0.262s] INFO:colcon.colcon_core.shell:Skip shell extension 'powershell' for command environment: Not usable outside of PowerShell
[0.262s] DEBUG:colcon.colcon_core.shell:Skip shell extension 'dsv' for command environment
[0.264s] INFO:colcon.colcon_ros.task.ament_cmake.build:Building ROS package in '/home/zima/d_hospital/src/firmware_minihema' with build type 'ament_cmake'
[0.264s] INFO:colcon.colcon_cmake.task.cmake.build:Building CMake package in '/home/zima/d_hospital/src/firmware_minihema'
[0.265s] INFO:colcon.colcon_core.shell:Skip shell extension 'powershell' for command environment: Not usable outside of PowerShell
[0.265s] DEBUG:colcon.colcon_core.shell:Skip shell extension 'dsv' for command environment
[0.267s] INFO:colcon.colcon_ros.task.ament_cmake.build:Building ROS package in '/home/zima/d_hospital/src/minihema_launch' with build type 'ament_cmake'
[0.267s] INFO:colcon.colcon_cmake.task.cmake.build:Building CMake package in '/home/zima/d_hospital/src/minihema_launch'
[0.268s] INFO:colcon.colcon_core.shell:Skip shell extension 'powershell' for command environment: Not usable outside of PowerShell
[0.268s] DEBUG:colcon.colcon_core.shell:Skip shell extension 'dsv' for command environment
[0.275s] DEBUG:colcon.colcon_core.event_handler.log_command:Invoking command in '/home/zima/d_hospital/build/d_hospital_description': CMAKE_PREFIX_PATH=${CMAKE_PREFIX_PATH}:/opt/ros/humble PS1=\[\e]0;\u@\h: \w\a\]${debian_chroot:+($debian_chroot)}\[\033[01;32m\]\u@\h\[\033[00m\]:\[\033[01;34m\]\w\[\033[00m\]\$ /usr/bin/cmake /home/zima/d_hospital/src/d_hospital_description -DCMAKE_INSTALL_PREFIX=/home/zima/d_hospital/install/d_hospital_description
[0.277s] DEBUG:colcon.colcon_core.event_handler.log_command:Invoking command in '/home/zima/d_hospital/build/d_hospital_gazebo2': CMAKE_PREFIX_PATH=${CMAKE_PREFIX_PATH}:/opt/ros/humble PS1=\[\e]0;\u@\h: \w\a\]${debian_chroot:+($debian_chroot)}\[\033[01;32m\]\u@\h\[\033[00m\]:\[\033[01;34m\]\w\[\033[00m\]\$ /usr/bin/cmake /home/zima/d_hospital/src/d_hospital_gazebo2 -DCMAKE_INSTALL_PREFIX=/home/zima/d_hospital/install/d_hospital_gazebo2
[0.279s] DEBUG:colcon.colcon_core.event_handler.log_command:Invoking command in '/home/zima/d_hospital/build/d_hospital_navigation2': CMAKE_PREFIX_PATH=${CMAKE_PREFIX_PATH}:/opt/ros/humble PS1=\[\e]0;\u@\h: \w\a\]${debian_chroot:+($debian_chroot)}\[\033[01;32m\]\u@\h\[\033[00m\]:\[\033[01;34m\]\w\[\033[00m\]\$ /usr/bin/cmake /home/zima/d_hospital/src/d_hospital_navigation2 -DCMAKE_INSTALL_PREFIX=/home/zima/d_hospital/install/d_hospital_navigation2
[0.281s] DEBUG:colcon.colcon_core.event_handler.log_command:Invoking command in '/home/zima/d_hospital/build/d_hospital_slam': CMAKE_PREFIX_PATH=${CMAKE_PREFIX_PATH}:/opt/ros/humble PS1=\[\e]0;\u@\h: \w\a\]${debian_chroot:+($debian_chroot)}\[\033[01;32m\]\u@\h\[\033[00m\]:\[\033[01;34m\]\w\[\033[00m\]\$ /usr/bin/cmake /home/zima/d_hospital/src/d_hospital_slam -DCMAKE_INSTALL_PREFIX=/home/zima/d_hospital/install/d_hospital_slam
[0.282s] DEBUG:colcon.colcon_core.event_handler.log_command:Invoking command in '/home/zima/d_hospital/build/d_hospital_teleop': CMAKE_PREFIX_PATH=${CMAKE_PREFIX_PATH}:/opt/ros/humble PS1=\[\e]0;\u@\h: \w\a\]${debian_chroot:+($debian_chroot)}\[\033[01;32m\]\u@\h\[\033[00m\]:\[\033[01;34m\]\w\[\033[00m\]\$ /usr/bin/cmake /home/zima/d_hospital/src/d_hospital_teleop -DCMAKE_INSTALL_PREFIX=/home/zima/d_hospital/install/d_hospital_teleop
[0.285s] DEBUG:colcon.colcon_core.event_handler.log_command:Invoking command in '/home/zima/d_hospital/build/firmware_minihema': CMAKE_PREFIX_PATH=${CMAKE_PREFIX_PATH}:/opt/ros/humble PS1=\[\e]0;\u@\h: \w\a\]${debian_chroot:+($debian_chroot)}\[\033[01;32m\]\u@\h\[\033[00m\]:\[\033[01;34m\]\w\[\033[00m\]\$ /usr/bin/cmake /home/zima/d_hospital/src/firmware_minihema -DCMAKE_INSTALL_PREFIX=/home/zima/d_hospital/install/firmware_minihema
[0.289s] DEBUG:colcon.colcon_core.event_handler.log_command:Invoking command in '/home/zima/d_hospital/build/minihema_launch': CMAKE_PREFIX_PATH=${CMAKE_PREFIX_PATH}:/opt/ros/humble PS1=\[\e]0;\u@\h: \w\a\]${debian_chroot:+($debian_chroot)}\[\033[01;32m\]\u@\h\[\033[00m\]:\[\033[01;34m\]\w\[\033[00m\]\$ /usr/bin/cmake /home/zima/d_hospital/src/minihema_launch -DCMAKE_INSTALL_PREFIX=/home/zima/d_hospital/install/minihema_launch
[1.002s] DEBUG:colcon.colcon_core.event_handler.log_command:Invoked command in '/home/zima/d_hospital/build/d_hospital_slam' returned '0': CMAKE_PREFIX_PATH=${CMAKE_PREFIX_PATH}:/opt/ros/humble PS1=\[\e]0;\u@\h: \w\a\]${debian_chroot:+($debian_chroot)}\[\033[01;32m\]\u@\h\[\033[00m\]:\[\033[01;34m\]\w\[\033[00m\]\$ /usr/bin/cmake /home/zima/d_hospital/src/d_hospital_slam -DCMAKE_INSTALL_PREFIX=/home/zima/d_hospital/install/d_hospital_slam
[1.004s] DEBUG:colcon.colcon_core.event_handler.log_command:Invoking command in '/home/zima/d_hospital/build/d_hospital_slam': CMAKE_PREFIX_PATH=${CMAKE_PREFIX_PATH}:/opt/ros/humble PS1=\[\e]0;\u@\h: \w\a\]${debian_chroot:+($debian_chroot)}\[\033[01;32m\]\u@\h\[\033[00m\]:\[\033[01;34m\]\w\[\033[00m\]\$ /usr/bin/cmake --build /home/zima/d_hospital/build/d_hospital_slam -- -j16 -l16
[1.005s] DEBUG:colcon.colcon_core.event_handler.log_command:Invoked command in '/home/zima/d_hospital/build/d_hospital_teleop' returned '0': CMAKE_PREFIX_PATH=${CMAKE_PREFIX_PATH}:/opt/ros/humble PS1=\[\e]0;\u@\h: \w\a\]${debian_chroot:+($debian_chroot)}\[\033[01;32m\]\u@\h\[\033[00m\]:\[\033[01;34m\]\w\[\033[00m\]\$ /usr/bin/cmake /home/zima/d_hospital/src/d_hospital_teleop -DCMAKE_INSTALL_PREFIX=/home/zima/d_hospital/install/d_hospital_teleop
[1.006s] DEBUG:colcon.colcon_core.event_handler.log_command:Invoking command in '/home/zima/d_hospital/build/d_hospital_teleop': CMAKE_PREFIX_PATH=${CMAKE_PREFIX_PATH}:/opt/ros/humble PS1=\[\e]0;\u@\h: \w\a\]${debian_chroot:+($debian_chroot)}\[\033[01;32m\]\u@\h\[\033[00m\]:\[\033[01;34m\]\w\[\033[00m\]\$ /usr/bin/cmake --build /home/zima/d_hospital/build/d_hospital_teleop -- -j16 -l16
[1.035s] DEBUG:colcon.colcon_core.event_handler.log_command:Invoked command in '/home/zima/d_hospital/build/d_hospital_slam' returned '0': CMAKE_PREFIX_PATH=${CMAKE_PREFIX_PATH}:/opt/ros/humble PS1=\[\e]0;\u@\h: \w\a\]${debian_chroot:+($debian_chroot)}\[\033[01;32m\]\u@\h\[\033[00m\]:\[\033[01;34m\]\w\[\033[00m\]\$ /usr/bin/cmake --build /home/zima/d_hospital/build/d_hospital_slam -- -j16 -l16
[1.043s] DEBUG:colcon.colcon_core.event_handler.log_command:Invoking command in '/home/zima/d_hospital/build/d_hospital_slam': CMAKE_PREFIX_PATH=${CMAKE_PREFIX_PATH}:/opt/ros/humble PS1=\[\e]0;\u@\h: \w\a\]${debian_chroot:+($debian_chroot)}\[\033[01;32m\]\u@\h\[\033[00m\]:\[\033[01;34m\]\w\[\033[00m\]\$ /usr/bin/cmake --install /home/zima/d_hospital/build/d_hospital_slam
[1.045s] DEBUG:colcon.colcon_core.event_handler.log_command:Invoked command in '/home/zima/d_hospital/build/d_hospital_teleop' returned '0': CMAKE_PREFIX_PATH=${CMAKE_PREFIX_PATH}:/opt/ros/humble PS1=\[\e]0;\u@\h: \w\a\]${debian_chroot:+($debian_chroot)}\[\033[01;32m\]\u@\h\[\033[00m\]:\[\033[01;34m\]\w\[\033[00m\]\$ /usr/bin/cmake --build /home/zima/d_hospital/build/d_hospital_teleop -- -j16 -l16
[1.047s] DEBUG:colcon.colcon_core.event_handler.log_command:Invoking command in '/home/zima/d_hospital/build/d_hospital_teleop': CMAKE_PREFIX_PATH=${CMAKE_PREFIX_PATH}:/opt/ros/humble PS1=\[\e]0;\u@\h: \w\a\]${debian_chroot:+($debian_chroot)}\[\033[01;32m\]\u@\h\[\033[00m\]:\[\033[01;34m\]\w\[\033[00m\]\$ /usr/bin/cmake --install /home/zima/d_hospital/build/d_hospital_teleop
[1.055s] Level 1:colcon.colcon_core.environment:create_environment_scripts_only(d_hospital_slam)
[1.056s] DEBUG:colcon.colcon_core.event_handler.log_command:Invoked command in '/home/zima/d_hospital/build/d_hospital_slam' returned '0': CMAKE_PREFIX_PATH=${CMAKE_PREFIX_PATH}:/opt/ros/humble PS1=\[\e]0;\u@\h: \w\a\]${debian_chroot:+($debian_chroot)}\[\033[01;32m\]\u@\h\[\033[00m\]:\[\033[01;34m\]\w\[\033[00m\]\$ /usr/bin/cmake --install /home/zima/d_hospital/build/d_hospital_slam
[1.062s] Level 1:colcon.colcon_core.environment:checking '/home/zima/d_hospital/install/d_hospital_slam' for CMake module files
[1.062s] Level 1:colcon.colcon_core.environment:checking '/home/zima/d_hospital/install/d_hospital_slam' for CMake config files
[1.063s] Level 1:colcon.colcon_core.shell:create_environment_hook('d_hospital_slam', 'cmake_prefix_path')
[1.063s] INFO:colcon.colcon_core.shell:Creating environment hook '/home/zima/d_hospital/install/d_hospital_slam/share/d_hospital_slam/hook/cmake_prefix_path.ps1'
[1.063s] INFO:colcon.colcon_core.shell:Creating environment descriptor '/home/zima/d_hospital/install/d_hospital_slam/share/d_hospital_slam/hook/cmake_prefix_path.dsv'
[1.064s] INFO:colcon.colcon_core.shell:Creating environment hook '/home/zima/d_hospital/install/d_hospital_slam/share/d_hospital_slam/hook/cmake_prefix_path.sh'
[1.066s] Level 1:colcon.colcon_core.environment:checking '/home/zima/d_hospital/install/d_hospital_slam/bin'
[1.066s] Level 1:colcon.colcon_core.environment:checking '/home/zima/d_hospital/install/d_hospital_slam/lib/pkgconfig/d_hospital_slam.pc'
[1.067s] Level 1:colcon.colcon_core.environment:checking '/home/zima/d_hospital/install/d_hospital_slam/lib/python3.10/site-packages'
[1.068s] Level 1:colcon.colcon_core.environment:checking '/home/zima/d_hospital/install/d_hospital_slam/bin'
[1.068s] INFO:colcon.colcon_core.shell:Creating package script '/home/zima/d_hospital/install/d_hospital_slam/share/d_hospital_slam/package.ps1'
[1.069s] INFO:colcon.colcon_core.shell:Creating package descriptor '/home/zima/d_hospital/install/d_hospital_slam/share/d_hospital_slam/package.dsv'
[1.069s] INFO:colcon.colcon_core.shell:Creating package script '/home/zima/d_hospital/install/d_hospital_slam/share/d_hospital_slam/package.sh'
[1.070s] INFO:colcon.colcon_core.shell:Creating package script '/home/zima/d_hospital/install/d_hospital_slam/share/d_hospital_slam/package.bash'
[1.071s] INFO:colcon.colcon_core.shell:Creating package script '/home/zima/d_hospital/install/d_hospital_slam/share/d_hospital_slam/package.zsh'
[1.072s] Level 1:colcon.colcon_core.environment:create_file_with_runtime_dependencies(/home/zima/d_hospital/install/d_hospital_slam/share/colcon-core/packages/d_hospital_slam)
[1.072s] Level 1:colcon.colcon_core.environment:create_environment_scripts_only(d_hospital_slam)
[1.072s] Level 1:colcon.colcon_core.environment:checking '/home/zima/d_hospital/install/d_hospital_slam' for CMake module files
[1.073s] Level 1:colcon.colcon_core.environment:checking '/home/zima/d_hospital/install/d_hospital_slam' for CMake config files
[1.073s] Level 1:colcon.colcon_core.shell:create_environment_hook('d_hospital_slam', 'cmake_prefix_path')
[1.073s] INFO:colcon.colcon_core.shell:Creating environment hook '/home/zima/d_hospital/install/d_hospital_slam/share/d_hospital_slam/hook/cmake_prefix_path.ps1'
[1.073s] INFO:colcon.colcon_core.shell:Creating environment descriptor '/home/zima/d_hospital/install/d_hospital_slam/share/d_hospital_slam/hook/cmake_prefix_path.dsv'
[1.074s] INFO:colcon.colcon_core.shell:Creating environment hook '/home/zima/d_hospital/install/d_hospital_slam/share/d_hospital_slam/hook/cmake_prefix_path.sh'
[1.074s] Level 1:colcon.colcon_core.environment:checking '/home/zima/d_hospital/install/d_hospital_slam/bin'
[1.074s] Level 1:colcon.colcon_core.environment:checking '/home/zima/d_hospital/install/d_hospital_slam/lib/pkgconfig/d_hospital_slam.pc'
[1.074s] Level 1:colcon.colcon_core.environment:checking '/home/zima/d_hospital/install/d_hospital_slam/lib/python3.10/site-packages'
[1.074s] Level 1:colcon.colcon_core.environment:checking '/home/zima/d_hospital/install/d_hospital_slam/bin'
[1.075s] INFO:colcon.colcon_core.shell:Creating package script '/home/zima/d_hospital/install/d_hospital_slam/share/d_hospital_slam/package.ps1'
[1.075s] INFO:colcon.colcon_core.shell:Creating package descriptor '/home/zima/d_hospital/install/d_hospital_slam/share/d_hospital_slam/package.dsv'
[1.075s] INFO:colcon.colcon_core.shell:Creating package script '/home/zima/d_hospital/install/d_hospital_slam/share/d_hospital_slam/package.sh'
[1.076s] INFO:colcon.colcon_core.shell:Creating package script '/home/zima/d_hospital/install/d_hospital_slam/share/d_hospital_slam/package.bash'
[1.076s] INFO:colcon.colcon_core.shell:Creating package script '/home/zima/d_hospital/install/d_hospital_slam/share/d_hospital_slam/package.zsh'
[1.076s] Level 1:colcon.colcon_core.environment:create_file_with_runtime_dependencies(/home/zima/d_hospital/install/d_hospital_slam/share/colcon-core/packages/d_hospital_slam)
[1.077s] Level 1:colcon.colcon_core.environment:create_environment_scripts_only(d_hospital_teleop)
[1.078s] DEBUG:colcon.colcon_core.event_handler.log_command:Invoked command in '/home/zima/d_hospital/build/d_hospital_teleop' returned '0': CMAKE_PREFIX_PATH=${CMAKE_PREFIX_PATH}:/opt/ros/humble PS1=\[\e]0;\u@\h: \w\a\]${debian_chroot:+($debian_chroot)}\[\033[01;32m\]\u@\h\[\033[00m\]:\[\033[01;34m\]\w\[\033[00m\]\$ /usr/bin/cmake --install /home/zima/d_hospital/build/d_hospital_teleop
[1.078s] Level 1:colcon.colcon_core.environment:checking '/home/zima/d_hospital/install/d_hospital_teleop' for CMake module files
[1.078s] Level 1:colcon.colcon_core.environment:checking '/home/zima/d_hospital/install/d_hospital_teleop' for CMake config files
[1.078s] Level 1:colcon.colcon_core.shell:create_environment_hook('d_hospital_teleop', 'cmake_prefix_path')
[1.079s] INFO:colcon.colcon_core.shell:Creating environment hook '/home/zima/d_hospital/install/d_hospital_teleop/share/d_hospital_teleop/hook/cmake_prefix_path.ps1'
[1.079s] INFO:colcon.colcon_core.shell:Creating environment descriptor '/home/zima/d_hospital/install/d_hospital_teleop/share/d_hospital_teleop/hook/cmake_prefix_path.dsv'
[1.079s] INFO:colcon.colcon_core.shell:Creating environment hook '/home/zima/d_hospital/install/d_hospital_teleop/share/d_hospital_teleop/hook/cmake_prefix_path.sh'
[1.080s] Level 1:colcon.colcon_core.environment:checking '/home/zima/d_hospital/install/d_hospital_teleop/bin'
[1.080s] Level 1:colcon.colcon_core.environment:checking '/home/zima/d_hospital/install/d_hospital_teleop/lib/pkgconfig/d_hospital_teleop.pc'
[1.080s] Level 1:colcon.colcon_core.environment:checking '/home/zima/d_hospital/install/d_hospital_teleop/lib/python3.10/site-packages'
[1.080s] Level 1:colcon.colcon_core.environment:checking '/home/zima/d_hospital/install/d_hospital_teleop/bin'
[1.080s] INFO:colcon.colcon_core.shell:Creating package script '/home/zima/d_hospital/install/d_hospital_teleop/share/d_hospital_teleop/package.ps1'
[1.081s] INFO:colcon.colcon_core.shell:Creating package descriptor '/home/zima/d_hospital/install/d_hospital_teleop/share/d_hospital_teleop/package.dsv'
[1.081s] INFO:colcon.colcon_core.shell:Creating package script '/home/zima/d_hospital/install/d_hospital_teleop/share/d_hospital_teleop/package.sh'
[1.081s] INFO:colcon.colcon_core.shell:Creating package script '/home/zima/d_hospital/install/d_hospital_teleop/share/d_hospital_teleop/package.bash'
[1.082s] INFO:colcon.colcon_core.shell:Creating package script '/home/zima/d_hospital/install/d_hospital_teleop/share/d_hospital_teleop/package.zsh'
[1.082s] Level 1:colcon.colcon_core.environment:create_file_with_runtime_dependencies(/home/zima/d_hospital/install/d_hospital_teleop/share/colcon-core/packages/d_hospital_teleop)
[1.083s] Level 1:colcon.colcon_core.environment:create_environment_scripts_only(d_hospital_teleop)
[1.083s] Level 1:colcon.colcon_core.environment:checking '/home/zima/d_hospital/install/d_hospital_teleop' for CMake module files
[1.084s] Level 1:colcon.colcon_core.environment:checking '/home/zima/d_hospital/install/d_hospital_teleop' for CMake config files
[1.084s] Level 1:colcon.colcon_core.shell:create_environment_hook('d_hospital_teleop', 'cmake_prefix_path')
[1.084s] INFO:colcon.colcon_core.shell:Creating environment hook '/home/zima/d_hospital/install/d_hospital_teleop/share/d_hospital_teleop/hook/cmake_prefix_path.ps1'
[1.084s] INFO:colcon.colcon_core.shell:Creating environment descriptor '/home/zima/d_hospital/install/d_hospital_teleop/share/d_hospital_teleop/hook/cmake_prefix_path.dsv'
[1.085s] INFO:colcon.colcon_core.shell:Creating environment hook '/home/zima/d_hospital/install/d_hospital_teleop/share/d_hospital_teleop/hook/cmake_prefix_path.sh'
[1.085s] Level 1:colcon.colcon_core.environment:checking '/home/zima/d_hospital/install/d_hospital_teleop/bin'
[1.085s] Level 1:colcon.colcon_core.environment:checking '/home/zima/d_hospital/install/d_hospital_teleop/lib/pkgconfig/d_hospital_teleop.pc'
[1.085s] Level 1:colcon.colcon_core.environment:checking '/home/zima/d_hospital/install/d_hospital_teleop/lib/python3.10/site-packages'
[1.085s] Level 1:colcon.colcon_core.environment:checking '/home/zima/d_hospital/install/d_hospital_teleop/bin'
[1.086s] INFO:colcon.colcon_core.shell:Creating package script '/home/zima/d_hospital/install/d_hospital_teleop/share/d_hospital_teleop/package.ps1'
[1.086s] INFO:colcon.colcon_core.shell:Creating package descriptor '/home/zima/d_hospital/install/d_hospital_teleop/share/d_hospital_teleop/package.dsv'
[1.087s] INFO:colcon.colcon_core.shell:Creating package script '/home/zima/d_hospital/install/d_hospital_teleop/share/d_hospital_teleop/package.sh'
[1.087s] INFO:colcon.colcon_core.shell:Creating package script '/home/zima/d_hospital/install/d_hospital_teleop/share/d_hospital_teleop/package.bash'
[1.087s] INFO:colcon.colcon_core.shell:Creating package script '/home/zima/d_hospital/install/d_hospital_teleop/share/d_hospital_teleop/package.zsh'
[1.097s] Level 1:colcon.colcon_core.environment:create_file_with_runtime_dependencies(/home/zima/d_hospital/install/d_hospital_teleop/share/colcon-core/packages/d_hospital_teleop)
[1.099s] DEBUG:colcon.colcon_core.event_handler.log_command:Invoked command in '/home/zima/d_hospital/build/d_hospital_navigation2' returned '0': CMAKE_PREFIX_PATH=${CMAKE_PREFIX_PATH}:/opt/ros/humble PS1=\[\e]0;\u@\h: \w\a\]${debian_chroot:+($debian_chroot)}\[\033[01;32m\]\u@\h\[\033[00m\]:\[\033[01;34m\]\w\[\033[00m\]\$ /usr/bin/cmake /home/zima/d_hospital/src/d_hospital_navigation2 -DCMAKE_INSTALL_PREFIX=/home/zima/d_hospital/install/d_hospital_navigation2
[1.100s] DEBUG:colcon.colcon_core.event_handler.log_command:Invoking command in '/home/zima/d_hospital/build/d_hospital_navigation2': CMAKE_PREFIX_PATH=${CMAKE_PREFIX_PATH}:/opt/ros/humble PS1=\[\e]0;\u@\h: \w\a\]${debian_chroot:+($debian_chroot)}\[\033[01;32m\]\u@\h\[\033[00m\]:\[\033[01;34m\]\w\[\033[00m\]\$ /usr/bin/cmake --build /home/zima/d_hospital/build/d_hospital_navigation2 -- -j16 -l16
[1.112s] DEBUG:colcon.colcon_core.event_handler.log_command:Invoked command in '/home/zima/d_hospital/build/d_hospital_gazebo2' returned '0': CMAKE_PREFIX_PATH=${CMAKE_PREFIX_PATH}:/opt/ros/humble PS1=\[\e]0;\u@\h: \w\a\]${debian_chroot:+($debian_chroot)}\[\033[01;32m\]\u@\h\[\033[00m\]:\[\033[01;34m\]\w\[\033[00m\]\$ /usr/bin/cmake /home/zima/d_hospital/src/d_hospital_gazebo2 -DCMAKE_INSTALL_PREFIX=/home/zima/d_hospital/install/d_hospital_gazebo2
[1.113s] DEBUG:colcon.colcon_core.event_handler.log_command:Invoking command in '/home/zima/d_hospital/build/d_hospital_gazebo2': CMAKE_PREFIX_PATH=${CMAKE_PREFIX_PATH}:/opt/ros/humble PS1=\[\e]0;\u@\h: \w\a\]${debian_chroot:+($debian_chroot)}\[\033[01;32m\]\u@\h\[\033[00m\]:\[\033[01;34m\]\w\[\033[00m\]\$ /usr/bin/cmake --build /home/zima/d_hospital/build/d_hospital_gazebo2 -- -j16 -l16
[1.124s] DEBUG:colcon.colcon_core.event_handler.log_command:Invoked command in '/home/zima/d_hospital/build/d_hospital_description' returned '0': CMAKE_PREFIX_PATH=${CMAKE_PREFIX_PATH}:/opt/ros/humble PS1=\[\e]0;\u@\h: \w\a\]${debian_chroot:+($debian_chroot)}\[\033[01;32m\]\u@\h\[\033[00m\]:\[\033[01;34m\]\w\[\033[00m\]\$ /usr/bin/cmake /home/zima/d_hospital/src/d_hospital_description -DCMAKE_INSTALL_PREFIX=/home/zima/d_hospital/install/d_hospital_description
[1.125s] DEBUG:colcon.colcon_core.event_handler.log_command:Invoking command in '/home/zima/d_hospital/build/d_hospital_description': CMAKE_PREFIX_PATH=${CMAKE_PREFIX_PATH}:/opt/ros/humble PS1=\[\e]0;\u@\h: \w\a\]${debian_chroot:+($debian_chroot)}\[\033[01;32m\]\u@\h\[\033[00m\]:\[\033[01;34m\]\w\[\033[00m\]\$ /usr/bin/cmake --build /home/zima/d_hospital/build/d_hospital_description -- -j16 -l16
[1.142s] DEBUG:colcon.colcon_core.event_handler.log_command:Invoked command in '/home/zima/d_hospital/build/d_hospital_gazebo2' returned '0': CMAKE_PREFIX_PATH=${CMAKE_PREFIX_PATH}:/opt/ros/humble PS1=\[\e]0;\u@\h: \w\a\]${debian_chroot:+($debian_chroot)}\[\033[01;32m\]\u@\h\[\033[00m\]:\[\033[01;34m\]\w\[\033[00m\]\$ /usr/bin/cmake --build /home/zima/d_hospital/build/d_hospital_gazebo2 -- -j16 -l16
[1.144s] DEBUG:colcon.colcon_core.event_handler.log_command:Invoking command in '/home/zima/d_hospital/build/d_hospital_gazebo2': CMAKE_PREFIX_PATH=${CMAKE_PREFIX_PATH}:/opt/ros/humble PS1=\[\e]0;\u@\h: \w\a\]${debian_chroot:+($debian_chroot)}\[\033[01;32m\]\u@\h\[\033[00m\]:\[\033[01;34m\]\w\[\033[00m\]\$ /usr/bin/cmake --install /home/zima/d_hospital/build/d_hospital_gazebo2
[1.155s] DEBUG:colcon.colcon_core.event_handler.log_command:Invoked command in '/home/zima/d_hospital/build/d_hospital_description' returned '0': CMAKE_PREFIX_PATH=${CMAKE_PREFIX_PATH}:/opt/ros/humble PS1=\[\e]0;\u@\h: \w\a\]${debian_chroot:+($debian_chroot)}\[\033[01;32m\]\u@\h\[\033[00m\]:\[\033[01;34m\]\w\[\033[00m\]\$ /usr/bin/cmake --build /home/zima/d_hospital/build/d_hospital_description -- -j16 -l16
[1.156s] DEBUG:colcon.colcon_core.event_handler.log_command:Invoking command in '/home/zima/d_hospital/build/d_hospital_description': CMAKE_PREFIX_PATH=${CMAKE_PREFIX_PATH}:/opt/ros/humble PS1=\[\e]0;\u@\h: \w\a\]${debian_chroot:+($debian_chroot)}\[\033[01;32m\]\u@\h\[\033[00m\]:\[\033[01;34m\]\w\[\033[00m\]\$ /usr/bin/cmake --install /home/zima/d_hospital/build/d_hospital_description
[1.157s] Level 1:colcon.colcon_core.environment:create_environment_scripts_only(d_hospital_gazebo2)
[1.157s] Level 1:colcon.colcon_core.environment:checking '/home/zima/d_hospital/install/d_hospital_gazebo2' for CMake module files
[1.158s] DEBUG:colcon.colcon_core.event_handler.log_command:Invoked command in '/home/zima/d_hospital/build/d_hospital_gazebo2' returned '0': CMAKE_PREFIX_PATH=${CMAKE_PREFIX_PATH}:/opt/ros/humble PS1=\[\e]0;\u@\h: \w\a\]${debian_chroot:+($debian_chroot)}\[\033[01;32m\]\u@\h\[\033[00m\]:\[\033[01;34m\]\w\[\033[00m\]\$ /usr/bin/cmake --install /home/zima/d_hospital/build/d_hospital_gazebo2
[1.158s] Level 1:colcon.colcon_core.environment:checking '/home/zima/d_hospital/install/d_hospital_gazebo2' for CMake config files
[1.158s] Level 1:colcon.colcon_core.shell:create_environment_hook('d_hospital_gazebo2', 'cmake_prefix_path')
[1.159s] INFO:colcon.colcon_core.shell:Creating environment hook '/home/zima/d_hospital/install/d_hospital_gazebo2/share/d_hospital_gazebo2/hook/cmake_prefix_path.ps1'
[1.159s] INFO:colcon.colcon_core.shell:Creating environment descriptor '/home/zima/d_hospital/install/d_hospital_gazebo2/share/d_hospital_gazebo2/hook/cmake_prefix_path.dsv'
[1.159s] INFO:colcon.colcon_core.shell:Creating environment hook '/home/zima/d_hospital/install/d_hospital_gazebo2/share/d_hospital_gazebo2/hook/cmake_prefix_path.sh'
[1.160s] Level 1:colcon.colcon_core.environment:checking '/home/zima/d_hospital/install/d_hospital_gazebo2/bin'
[1.160s] Level 1:colcon.colcon_core.environment:checking '/home/zima/d_hospital/install/d_hospital_gazebo2/lib/pkgconfig/d_hospital_gazebo2.pc'
[1.160s] Level 1:colcon.colcon_core.environment:checking '/home/zima/d_hospital/install/d_hospital_gazebo2/lib/python3.10/site-packages'
[1.160s] Level 1:colcon.colcon_core.environment:checking '/home/zima/d_hospital/install/d_hospital_gazebo2/bin'
[1.160s] INFO:colcon.colcon_core.shell:Creating package script '/home/zima/d_hospital/install/d_hospital_gazebo2/share/d_hospital_gazebo2/package.ps1'
[1.161s] INFO:colcon.colcon_core.shell:Creating package descriptor '/home/zima/d_hospital/install/d_hospital_gazebo2/share/d_hospital_gazebo2/package.dsv'
[1.161s] INFO:colcon.colcon_core.shell:Creating package script '/home/zima/d_hospital/install/d_hospital_gazebo2/share/d_hospital_gazebo2/package.sh'
[1.161s] INFO:colcon.colcon_core.shell:Creating package script '/home/zima/d_hospital/install/d_hospital_gazebo2/share/d_hospital_gazebo2/package.bash'
[1.162s] INFO:colcon.colcon_core.shell:Creating package script '/home/zima/d_hospital/install/d_hospital_gazebo2/share/d_hospital_gazebo2/package.zsh'
[1.162s] Level 1:colcon.colcon_core.environment:create_file_with_runtime_dependencies(/home/zima/d_hospital/install/d_hospital_gazebo2/share/colcon-core/packages/d_hospital_gazebo2)
[1.163s] Level 1:colcon.colcon_core.environment:create_environment_scripts_only(d_hospital_gazebo2)
[1.163s] Level 1:colcon.colcon_core.environment:checking '/home/zima/d_hospital/install/d_hospital_gazebo2' for CMake module files
[1.164s] Level 1:colcon.colcon_core.environment:checking '/home/zima/d_hospital/install/d_hospital_gazebo2' for CMake config files
[1.164s] Level 1:colcon.colcon_core.shell:create_environment_hook('d_hospital_gazebo2', 'cmake_prefix_path')
[1.165s] INFO:colcon.colcon_core.shell:Creating environment hook '/home/zima/d_hospital/install/d_hospital_gazebo2/share/d_hospital_gazebo2/hook/cmake_prefix_path.ps1'
[1.165s] INFO:colcon.colcon_core.shell:Creating environment descriptor '/home/zima/d_hospital/install/d_hospital_gazebo2/share/d_hospital_gazebo2/hook/cmake_prefix_path.dsv'
[1.165s] INFO:colcon.colcon_core.shell:Creating environment hook '/home/zima/d_hospital/install/d_hospital_gazebo2/share/d_hospital_gazebo2/hook/cmake_prefix_path.sh'
[1.166s] Level 1:colcon.colcon_core.environment:checking '/home/zima/d_hospital/install/d_hospital_gazebo2/bin'
[1.166s] Level 1:colcon.colcon_core.environment:checking '/home/zima/d_hospital/install/d_hospital_gazebo2/lib/pkgconfig/d_hospital_gazebo2.pc'
[1.166s] Level 1:colcon.colcon_core.environment:checking '/home/zima/d_hospital/install/d_hospital_gazebo2/lib/python3.10/site-packages'
[1.167s] Level 1:colcon.colcon_core.environment:checking '/home/zima/d_hospital/install/d_hospital_gazebo2/bin'
[1.167s] INFO:colcon.colcon_core.shell:Creating package script '/home/zima/d_hospital/install/d_hospital_gazebo2/share/d_hospital_gazebo2/package.ps1'
[1.167s] INFO:colcon.colcon_core.shell:Creating package descriptor '/home/zima/d_hospital/install/d_hospital_gazebo2/share/d_hospital_gazebo2/package.dsv'
[1.168s] INFO:colcon.colcon_core.shell:Creating package script '/home/zima/d_hospital/install/d_hospital_gazebo2/share/d_hospital_gazebo2/package.sh'
[1.168s] INFO:colcon.colcon_core.shell:Creating package script '/home/zima/d_hospital/install/d_hospital_gazebo2/share/d_hospital_gazebo2/package.bash'
[1.168s] INFO:colcon.colcon_core.shell:Creating package script '/home/zima/d_hospital/install/d_hospital_gazebo2/share/d_hospital_gazebo2/package.zsh'
[1.169s] Level 1:colcon.colcon_core.environment:create_file_with_runtime_dependencies(/home/zima/d_hospital/install/d_hospital_gazebo2/share/colcon-core/packages/d_hospital_gazebo2)
[1.201s] Level 1:colcon.colcon_core.environment:create_environment_scripts_only(d_hospital_description)
[1.202s] Level 1:colcon.colcon_core.environment:checking '/home/zima/d_hospital/install/d_hospital_description' for CMake module files
[1.202s] DEBUG:colcon.colcon_core.event_handler.log_command:Invoked command in '/home/zima/d_hospital/build/d_hospital_description' returned '0': CMAKE_PREFIX_PATH=${CMAKE_PREFIX_PATH}:/opt/ros/humble PS1=\[\e]0;\u@\h: \w\a\]${debian_chroot:+($debian_chroot)}\[\033[01;32m\]\u@\h\[\033[00m\]:\[\033[01;34m\]\w\[\033[00m\]\$ /usr/bin/cmake --install /home/zima/d_hospital/build/d_hospital_description
[1.202s] Level 1:colcon.colcon_core.environment:checking '/home/zima/d_hospital/install/d_hospital_description' for CMake config files
[1.203s] Level 1:colcon.colcon_core.shell:create_environment_hook('d_hospital_description', 'cmake_prefix_path')
[1.203s] INFO:colcon.colcon_core.shell:Creating environment hook '/home/zima/d_hospital/install/d_hospital_description/share/d_hospital_description/hook/cmake_prefix_path.ps1'
[1.203s] INFO:colcon.colcon_core.shell:Creating environment descriptor '/home/zima/d_hospital/install/d_hospital_description/share/d_hospital_description/hook/cmake_prefix_path.dsv'
[1.203s] INFO:colcon.colcon_core.shell:Creating environment hook '/home/zima/d_hospital/install/d_hospital_description/share/d_hospital_description/hook/cmake_prefix_path.sh'
[1.204s] Level 1:colcon.colcon_core.environment:checking '/home/zima/d_hospital/install/d_hospital_description/bin'
[1.204s] Level 1:colcon.colcon_core.environment:checking '/home/zima/d_hospital/install/d_hospital_description/lib/pkgconfig/d_hospital_description.pc'
[1.204s] Level 1:colcon.colcon_core.environment:checking '/home/zima/d_hospital/install/d_hospital_description/lib/python3.10/site-packages'
[1.204s] Level 1:colcon.colcon_core.environment:checking '/home/zima/d_hospital/install/d_hospital_description/bin'
[1.204s] INFO:colcon.colcon_core.shell:Creating package script '/home/zima/d_hospital/install/d_hospital_description/share/d_hospital_description/package.ps1'
[1.205s] INFO:colcon.colcon_core.shell:Creating package descriptor '/home/zima/d_hospital/install/d_hospital_description/share/d_hospital_description/package.dsv'
[1.205s] INFO:colcon.colcon_core.shell:Creating package script '/home/zima/d_hospital/install/d_hospital_description/share/d_hospital_description/package.sh'
[1.205s] INFO:colcon.colcon_core.shell:Creating package script '/home/zima/d_hospital/install/d_hospital_description/share/d_hospital_description/package.bash'
[1.205s] INFO:colcon.colcon_core.shell:Creating package script '/home/zima/d_hospital/install/d_hospital_description/share/d_hospital_description/package.zsh'
[1.206s] Level 1:colcon.colcon_core.environment:create_file_with_runtime_dependencies(/home/zima/d_hospital/install/d_hospital_description/share/colcon-core/packages/d_hospital_description)
[1.206s] Level 1:colcon.colcon_core.environment:create_environment_scripts_only(d_hospital_description)
[1.206s] Level 1:colcon.colcon_core.environment:checking '/home/zima/d_hospital/install/d_hospital_description' for CMake module files
[1.206s] Level 1:colcon.colcon_core.environment:checking '/home/zima/d_hospital/install/d_hospital_description' for CMake config files
[1.207s] Level 1:colcon.colcon_core.shell:create_environment_hook('d_hospital_description', 'cmake_prefix_path')
[1.207s] INFO:colcon.colcon_core.shell:Creating environment hook '/home/zima/d_hospital/install/d_hospital_description/share/d_hospital_description/hook/cmake_prefix_path.ps1'
[1.207s] INFO:colcon.colcon_core.shell:Creating environment descriptor '/home/zima/d_hospital/install/d_hospital_description/share/d_hospital_description/hook/cmake_prefix_path.dsv'
[1.207s] INFO:colcon.colcon_core.shell:Creating environment hook '/home/zima/d_hospital/install/d_hospital_description/share/d_hospital_description/hook/cmake_prefix_path.sh'
[1.208s] Level 1:colcon.colcon_core.environment:checking '/home/zima/d_hospital/install/d_hospital_description/bin'
[1.208s] Level 1:colcon.colcon_core.environment:checking '/home/zima/d_hospital/install/d_hospital_description/lib/pkgconfig/d_hospital_description.pc'
[1.208s] Level 1:colcon.colcon_core.environment:checking '/home/zima/d_hospital/install/d_hospital_description/lib/python3.10/site-packages'
[1.208s] Level 1:colcon.colcon_core.environment:checking '/home/zima/d_hospital/install/d_hospital_description/bin'
[1.208s] INFO:colcon.colcon_core.shell:Creating package script '/home/zima/d_hospital/install/d_hospital_description/share/d_hospital_description/package.ps1'
[1.209s] INFO:colcon.colcon_core.shell:Creating package descriptor '/home/zima/d_hospital/install/d_hospital_description/share/d_hospital_description/package.dsv'
[1.209s] INFO:colcon.colcon_core.shell:Creating package script '/home/zima/d_hospital/install/d_hospital_description/share/d_hospital_description/package.sh'
[1.209s] INFO:colcon.colcon_core.shell:Creating package script '/home/zima/d_hospital/install/d_hospital_description/share/d_hospital_description/package.bash'
[1.209s] INFO:colcon.colcon_core.shell:Creating package script '/home/zima/d_hospital/install/d_hospital_description/share/d_hospital_description/package.zsh'
[1.210s] Level 1:colcon.colcon_core.environment:create_file_with_runtime_dependencies(/home/zima/d_hospital/install/d_hospital_description/share/colcon-core/packages/d_hospital_description)
[1.210s] INFO:colcon.colcon_ros.task.ament_cmake.build:Building ROS package in '/home/zima/d_hospital/src/d_hospital_gz' with build type 'ament_cmake'
[1.210s] INFO:colcon.colcon_cmake.task.cmake.build:Building CMake package in '/home/zima/d_hospital/src/d_hospital_gz'
[1.210s] INFO:colcon.colcon_core.shell:Skip shell extension 'powershell' for command environment: Not usable outside of PowerShell
[1.210s] DEBUG:colcon.colcon_core.shell:Skip shell extension 'dsv' for command environment
[1.219s] DEBUG:colcon.colcon_core.event_handler.log_command:Invoking command in '/home/zima/d_hospital/build/d_hospital_gz': CMAKE_PREFIX_PATH=/home/zima/d_hospital/install/d_hospital_description:/home/zima/d_hospital/install/minihema_launch:/home/zima/d_hospital/install/firmware_minihema:/home/zima/d_hospital/install/d_hospital_teleop:/home/zima/d_hospital/install/d_hospital_slam:/home/zima/d_hospital/install/d_hospital_navigation2:/home/zima/d_hospital/install/d_hospital_gz:/home/zima/d_hospital/install/d_hospital_gazebo2:/opt/ros/humble PS1=\[\e]0;\u@\h: \w\a\]${debian_chroot:+($debian_chroot)}\[\033[01;32m\]\u@\h\[\033[00m\]:\[\033[01;34m\]\w\[\033[00m\]\$ /usr/bin/cmake /home/zima/d_hospital/src/d_hospital_gz -DCMAKE_INSTALL_PREFIX=/home/zima/d_hospital/install/d_hospital_gz
[1.353s] DEBUG:colcon.colcon_core.event_handler.log_command:Invoked command in '/home/zima/d_hospital/build/d_hospital_navigation2' returned '0': CMAKE_PREFIX_PATH=${CMAKE_PREFIX_PATH}:/opt/ros/humble PS1=\[\e]0;\u@\h: \w\a\]${debian_chroot:+($debian_chroot)}\[\033[01;32m\]\u@\h\[\033[00m\]:\[\033[01;34m\]\w\[\033[00m\]\$ /usr/bin/cmake --build /home/zima/d_hospital/build/d_hospital_navigation2 -- -j16 -l16
[1.355s] DEBUG:colcon.colcon_core.event_handler.log_command:Invoking command in '/home/zima/d_hospital/build/d_hospital_navigation2': CMAKE_PREFIX_PATH=${CMAKE_PREFIX_PATH}:/opt/ros/humble PS1=\[\e]0;\u@\h: \w\a\]${debian_chroot:+($debian_chroot)}\[\033[01;32m\]\u@\h\[\033[00m\]:\[\033[01;34m\]\w\[\033[00m\]\$ /usr/bin/cmake --install /home/zima/d_hospital/build/d_hospital_navigation2
[1.410s] Level 1:colcon.colcon_core.environment:create_environment_scripts_only(d_hospital_navigation2)
[1.410s] Level 1:colcon.colcon_core.environment:checking '/home/zima/d_hospital/install/d_hospital_navigation2' for CMake module files
[1.411s] DEBUG:colcon.colcon_core.event_handler.log_command:Invoked command in '/home/zima/d_hospital/build/d_hospital_navigation2' returned '0': CMAKE_PREFIX_PATH=${CMAKE_PREFIX_PATH}:/opt/ros/humble PS1=\[\e]0;\u@\h: \w\a\]${debian_chroot:+($debian_chroot)}\[\033[01;32m\]\u@\h\[\033[00m\]:\[\033[01;34m\]\w\[\033[00m\]\$ /usr/bin/cmake --install /home/zima/d_hospital/build/d_hospital_navigation2
[1.412s] Level 1:colcon.colcon_core.environment:checking '/home/zima/d_hospital/install/d_hospital_navigation2' for CMake config files
[1.412s] Level 1:colcon.colcon_core.shell:create_environment_hook('d_hospital_navigation2', 'cmake_prefix_path')
[1.412s] INFO:colcon.colcon_core.shell:Creating environment hook '/home/zima/d_hospital/install/d_hospital_navigation2/share/d_hospital_navigation2/hook/cmake_prefix_path.ps1'
[1.413s] INFO:colcon.colcon_core.shell:Creating environment descriptor '/home/zima/d_hospital/install/d_hospital_navigation2/share/d_hospital_navigation2/hook/cmake_prefix_path.dsv'
[1.414s] INFO:colcon.colcon_core.shell:Creating environment hook '/home/zima/d_hospital/install/d_hospital_navigation2/share/d_hospital_navigation2/hook/cmake_prefix_path.sh'
[1.414s] Level 1:colcon.colcon_core.environment:checking '/home/zima/d_hospital/install/d_hospital_navigation2/lib'
[1.414s] Level 1:colcon.colcon_core.environment:checking '/home/zima/d_hospital/install/d_hospital_navigation2/bin'
[1.414s] Level 1:colcon.colcon_core.environment:checking '/home/zima/d_hospital/install/d_hospital_navigation2/lib/pkgconfig/d_hospital_navigation2.pc'
[1.415s] Level 1:colcon.colcon_core.environment:checking '/home/zima/d_hospital/install/d_hospital_navigation2/lib/python3.10/site-packages'
[1.415s] Level 1:colcon.colcon_core.environment:checking '/home/zima/d_hospital/install/d_hospital_navigation2/bin'
[1.415s] INFO:colcon.colcon_core.shell:Creating package script '/home/zima/d_hospital/install/d_hospital_navigation2/share/d_hospital_navigation2/package.ps1'
[1.415s] INFO:colcon.colcon_core.shell:Creating package descriptor '/home/zima/d_hospital/install/d_hospital_navigation2/share/d_hospital_navigation2/package.dsv'
[1.416s] INFO:colcon.colcon_core.shell:Creating package script '/home/zima/d_hospital/install/d_hospital_navigation2/share/d_hospital_navigation2/package.sh'
[1.416s] INFO:colcon.colcon_core.shell:Creating package script '/home/zima/d_hospital/install/d_hospital_navigation2/share/d_hospital_navigation2/package.bash'
[1.416s] INFO:colcon.colcon_core.shell:Creating package script '/home/zima/d_hospital/install/d_hospital_navigation2/share/d_hospital_navigation2/package.zsh'
[1.416s] Level 1:colcon.colcon_core.environment:create_file_with_runtime_dependencies(/home/zima/d_hospital/install/d_hospital_navigation2/share/colcon-core/packages/d_hospital_navigation2)
[1.417s] Level 1:colcon.colcon_core.environment:create_environment_scripts_only(d_hospital_navigation2)
[1.417s] Level 1:colcon.colcon_core.environment:checking '/home/zima/d_hospital/install/d_hospital_navigation2' for CMake module files
[1.417s] Level 1:colcon.colcon_core.environment:checking '/home/zima/d_hospital/install/d_hospital_navigation2' for CMake config files
[1.417s] Level 1:colcon.colcon_core.shell:create_environment_hook('d_hospital_navigation2', 'cmake_prefix_path')
[1.418s] INFO:colcon.colcon_core.shell:Creating environment hook '/home/zima/d_hospital/install/d_hospital_navigation2/share/d_hospital_navigation2/hook/cmake_prefix_path.ps1'
[1.418s] INFO:colcon.colcon_core.shell:Creating environment descriptor '/home/zima/d_hospital/install/d_hospital_navigation2/share/d_hospital_navigation2/hook/cmake_prefix_path.dsv'
[1.418s] INFO:colcon.colcon_core.shell:Creating environment hook '/home/zima/d_hospital/install/d_hospital_navigation2/share/d_hospital_navigation2/hook/cmake_prefix_path.sh'
[1.419s] Level 1:colcon.colcon_core.environment:checking '/home/zima/d_hospital/install/d_hospital_navigation2/lib'
[1.419s] Level 1:colcon.colcon_core.environment:checking '/home/zima/d_hospital/install/d_hospital_navigation2/bin'
[1.419s] Level 1:colcon.colcon_core.environment:checking '/home/zima/d_hospital/install/d_hospital_navigation2/lib/pkgconfig/d_hospital_navigation2.pc'
[1.419s] Level 1:colcon.colcon_core.environment:checking '/home/zima/d_hospital/install/d_hospital_navigation2/lib/python3.10/site-packages'
[1.419s] Level 1:colcon.colcon_core.environment:checking '/home/zima/d_hospital/install/d_hospital_navigation2/bin'
[1.419s] INFO:colcon.colcon_core.shell:Creating package script '/home/zima/d_hospital/install/d_hospital_navigation2/share/d_hospital_navigation2/package.ps1'
[1.420s] INFO:colcon.colcon_core.shell:Creating package descriptor '/home/zima/d_hospital/install/d_hospital_navigation2/share/d_hospital_navigation2/package.dsv'
[1.420s] INFO:colcon.colcon_core.shell:Creating package script '/home/zima/d_hospital/install/d_hospital_navigation2/share/d_hospital_navigation2/package.sh'
[1.420s] INFO:colcon.colcon_core.shell:Creating package script '/home/zima/d_hospital/install/d_hospital_navigation2/share/d_hospital_navigation2/package.bash'
[1.420s] INFO:colcon.colcon_core.shell:Creating package script '/home/zima/d_hospital/install/d_hospital_navigation2/share/d_hospital_navigation2/package.zsh'
[1.421s] Level 1:colcon.colcon_core.environment:create_file_with_runtime_dependencies(/home/zima/d_hospital/install/d_hospital_navigation2/share/colcon-core/packages/d_hospital_navigation2)
[1.757s] DEBUG:colcon.colcon_core.event_handler.log_command:Invoked command in '/home/zima/d_hospital/build/minihema_launch' returned '0': CMAKE_PREFIX_PATH=${CMAKE_PREFIX_PATH}:/opt/ros/humble PS1=\[\e]0;\u@\h: \w\a\]${debian_chroot:+($debian_chroot)}\[\033[01;32m\]\u@\h\[\033[00m\]:\[\033[01;34m\]\w\[\033[00m\]\$ /usr/bin/cmake /home/zima/d_hospital/src/minihema_launch -DCMAKE_INSTALL_PREFIX=/home/zima/d_hospital/install/minihema_launch
[1.757s] DEBUG:colcon.colcon_core.event_handler.log_command:Invoking command in '/home/zima/d_hospital/build/minihema_launch': CMAKE_PREFIX_PATH=${CMAKE_PREFIX_PATH}:/opt/ros/humble PS1=\[\e]0;\u@\h: \w\a\]${debian_chroot:+($debian_chroot)}\[\033[01;32m\]\u@\h\[\033[00m\]:\[\033[01;34m\]\w\[\033[00m\]\$ /usr/bin/cmake --build /home/zima/d_hospital/build/minihema_launch -- -j16 -l16
[1.758s] DEBUG:colcon.colcon_core.event_handler.log_command:Invoked command in '/home/zima/d_hospital/build/firmware_minihema' returned '0': CMAKE_PREFIX_PATH=${CMAKE_PREFIX_PATH}:/opt/ros/humble PS1=\[\e]0;\u@\h: \w\a\]${debian_chroot:+($debian_chroot)}\[\033[01;32m\]\u@\h\[\033[00m\]:\[\033[01;34m\]\w\[\033[00m\]\$ /usr/bin/cmake /home/zima/d_hospital/src/firmware_minihema -DCMAKE_INSTALL_PREFIX=/home/zima/d_hospital/install/firmware_minihema
[1.760s] DEBUG:colcon.colcon_core.event_handler.log_command:Invoking command in '/home/zima/d_hospital/build/firmware_minihema': CMAKE_PREFIX_PATH=${CMAKE_PREFIX_PATH}:/opt/ros/humble PS1=\[\e]0;\u@\h: \w\a\]${debian_chroot:+($debian_chroot)}\[\033[01;32m\]\u@\h\[\033[00m\]:\[\033[01;34m\]\w\[\033[00m\]\$ /usr/bin/cmake --build /home/zima/d_hospital/build/firmware_minihema -- -j16 -l16
[1.778s] DEBUG:colcon.colcon_core.event_handler.log_command:Invoked command in '/home/zima/d_hospital/build/d_hospital_gz' returned '0': CMAKE_PREFIX_PATH=/home/zima/d_hospital/install/d_hospital_description:/home/zima/d_hospital/install/minihema_launch:/home/zima/d_hospital/install/firmware_minihema:/home/zima/d_hospital/install/d_hospital_teleop:/home/zima/d_hospital/install/d_hospital_slam:/home/zima/d_hospital/install/d_hospital_navigation2:/home/zima/d_hospital/install/d_hospital_gz:/home/zima/d_hospital/install/d_hospital_gazebo2:/opt/ros/humble PS1=\[\e]0;\u@\h: \w\a\]${debian_chroot:+($debian_chroot)}\[\033[01;32m\]\u@\h\[\033[00m\]:\[\033[01;34m\]\w\[\033[00m\]\$ /usr/bin/cmake /home/zima/d_hospital/src/d_hospital_gz -DCMAKE_INSTALL_PREFIX=/home/zima/d_hospital/install/d_hospital_gz
[1.778s] DEBUG:colcon.colcon_core.event_handler.log_command:Invoking command in '/home/zima/d_hospital/build/d_hospital_gz': CMAKE_PREFIX_PATH=/home/zima/d_hospital/install/d_hospital_description:/home/zima/d_hospital/install/minihema_launch:/home/zima/d_hospital/install/firmware_minihema:/home/zima/d_hospital/install/d_hospital_teleop:/home/zima/d_hospital/install/d_hospital_slam:/home/zima/d_hospital/install/d_hospital_navigation2:/home/zima/d_hospital/install/d_hospital_gz:/home/zima/d_hospital/install/d_hospital_gazebo2:/opt/ros/humble PS1=\[\e]0;\u@\h: \w\a\]${debian_chroot:+($debian_chroot)}\[\033[01;32m\]\u@\h\[\033[00m\]:\[\033[01;34m\]\w\[\033[00m\]\$ /usr/bin/cmake --build /home/zima/d_hospital/build/d_hospital_gz -- -j16 -l16
[1.812s] DEBUG:colcon.colcon_core.event_handler.log_command:Invoked command in '/home/zima/d_hospital/build/d_hospital_gz' returned '0': CMAKE_PREFIX_PATH=/home/zima/d_hospital/install/d_hospital_description:/home/zima/d_hospital/install/minihema_launch:/home/zima/d_hospital/install/firmware_minihema:/home/zima/d_hospital/install/d_hospital_teleop:/home/zima/d_hospital/install/d_hospital_slam:/home/zima/d_hospital/install/d_hospital_navigation2:/home/zima/d_hospital/install/d_hospital_gz:/home/zima/d_hospital/install/d_hospital_gazebo2:/opt/ros/humble PS1=\[\e]0;\u@\h: \w\a\]${debian_chroot:+($debian_chroot)}\[\033[01;32m\]\u@\h\[\033[00m\]:\[\033[01;34m\]\w\[\033[00m\]\$ /usr/bin/cmake --build /home/zima/d_hospital/build/d_hospital_gz -- -j16 -l16
[1.814s] DEBUG:colcon.colcon_core.event_handler.log_command:Invoking command in '/home/zima/d_hospital/build/d_hospital_gz': CMAKE_PREFIX_PATH=/home/zima/d_hospital/install/d_hospital_description:/home/zima/d_hospital/install/minihema_launch:/home/zima/d_hospital/install/firmware_minihema:/home/zima/d_hospital/install/d_hospital_teleop:/home/zima/d_hospital/install/d_hospital_slam:/home/zima/d_hospital/install/d_hospital_navigation2:/home/zima/d_hospital/install/d_hospital_gz:/home/zima/d_hospital/install/d_hospital_gazebo2:/opt/ros/humble PS1=\[\e]0;\u@\h: \w\a\]${debian_chroot:+($debian_chroot)}\[\033[01;32m\]\u@\h\[\033[00m\]:\[\033[01;34m\]\w\[\033[00m\]\$ /usr/bin/cmake --install /home/zima/d_hospital/build/d_hospital_gz
[1.836s] Level 1:colcon.colcon_core.environment:create_environment_scripts_only(d_hospital_gz)
[1.836s] Level 1:colcon.colcon_core.environment:checking '/home/zima/d_hospital/install/d_hospital_gz' for CMake module files
[1.837s] DEBUG:colcon.colcon_core.event_handler.log_command:Invoked command in '/home/zima/d_hospital/build/d_hospital_gz' returned '0': CMAKE_PREFIX_PATH=/home/zima/d_hospital/install/d_hospital_description:/home/zima/d_hospital/install/minihema_launch:/home/zima/d_hospital/install/firmware_minihema:/home/zima/d_hospital/install/d_hospital_teleop:/home/zima/d_hospital/install/d_hospital_slam:/home/zima/d_hospital/install/d_hospital_navigation2:/home/zima/d_hospital/install/d_hospital_gz:/home/zima/d_hospital/install/d_hospital_gazebo2:/opt/ros/humble PS1=\[\e]0;\u@\h: \w\a\]${debian_chroot:+($debian_chroot)}\[\033[01;32m\]\u@\h\[\033[00m\]:\[\033[01;34m\]\w\[\033[00m\]\$ /usr/bin/cmake --install /home/zima/d_hospital/build/d_hospital_gz
[1.837s] Level 1:colcon.colcon_core.environment:checking '/home/zima/d_hospital/install/d_hospital_gz' for CMake config files
[1.837s] Level 1:colcon.colcon_core.shell:create_environment_hook('d_hospital_gz', 'cmake_prefix_path')
[1.838s] INFO:colcon.colcon_core.shell:Creating environment hook '/home/zima/d_hospital/install/d_hospital_gz/share/d_hospital_gz/hook/cmake_prefix_path.ps1'
[1.838s] INFO:colcon.colcon_core.shell:Creating environment descriptor '/home/zima/d_hospital/install/d_hospital_gz/share/d_hospital_gz/hook/cmake_prefix_path.dsv'
[1.838s] INFO:colcon.colcon_core.shell:Creating environment hook '/home/zima/d_hospital/install/d_hospital_gz/share/d_hospital_gz/hook/cmake_prefix_path.sh'
[1.839s] Level 1:colcon.colcon_core.environment:checking '/home/zima/d_hospital/install/d_hospital_gz/bin'
[1.839s] Level 1:colcon.colcon_core.environment:checking '/home/zima/d_hospital/install/d_hospital_gz/lib/pkgconfig/d_hospital_gz.pc'
[1.839s] Level 1:colcon.colcon_core.environment:checking '/home/zima/d_hospital/install/d_hospital_gz/lib/python3.10/site-packages'
[1.839s] Level 1:colcon.colcon_core.environment:checking '/home/zima/d_hospital/install/d_hospital_gz/bin'
[1.840s] INFO:colcon.colcon_core.shell:Creating package script '/home/zima/d_hospital/install/d_hospital_gz/share/d_hospital_gz/package.ps1'
[1.840s] INFO:colcon.colcon_core.shell:Creating package descriptor '/home/zima/d_hospital/install/d_hospital_gz/share/d_hospital_gz/package.dsv'
[1.840s] INFO:colcon.colcon_core.shell:Creating package script '/home/zima/d_hospital/install/d_hospital_gz/share/d_hospital_gz/package.sh'
[1.841s] INFO:colcon.colcon_core.shell:Creating package script '/home/zima/d_hospital/install/d_hospital_gz/share/d_hospital_gz/package.bash'
[1.841s] INFO:colcon.colcon_core.shell:Creating package script '/home/zima/d_hospital/install/d_hospital_gz/share/d_hospital_gz/package.zsh'
[1.841s] Level 1:colcon.colcon_core.environment:create_file_with_runtime_dependencies(/home/zima/d_hospital/install/d_hospital_gz/share/colcon-core/packages/d_hospital_gz)
[1.842s] Level 1:colcon.colcon_core.environment:create_environment_scripts_only(d_hospital_gz)
[1.842s] Level 1:colcon.colcon_core.environment:checking '/home/zima/d_hospital/install/d_hospital_gz' for CMake module files
[1.842s] Level 1:colcon.colcon_core.environment:checking '/home/zima/d_hospital/install/d_hospital_gz' for CMake config files
[1.842s] Level 1:colcon.colcon_core.shell:create_environment_hook('d_hospital_gz', 'cmake_prefix_path')
[1.843s] INFO:colcon.colcon_core.shell:Creating environment hook '/home/zima/d_hospital/install/d_hospital_gz/share/d_hospital_gz/hook/cmake_prefix_path.ps1'
[1.843s] INFO:colcon.colcon_core.shell:Creating environment descriptor '/home/zima/d_hospital/install/d_hospital_gz/share/d_hospital_gz/hook/cmake_prefix_path.dsv'
[1.843s] INFO:colcon.colcon_core.shell:Creating environment hook '/home/zima/d_hospital/install/d_hospital_gz/share/d_hospital_gz/hook/cmake_prefix_path.sh'
[1.844s] Level 1:colcon.colcon_core.environment:checking '/home/zima/d_hospital/install/d_hospital_gz/bin'
[1.844s] Level 1:colcon.colcon_core.environment:checking '/home/zima/d_hospital/install/d_hospital_gz/lib/pkgconfig/d_hospital_gz.pc'
[1.844s] Level 1:colcon.colcon_core.environment:checking '/home/zima/d_hospital/install/d_hospital_gz/lib/python3.10/site-packages'
[1.844s] Level 1:colcon.colcon_core.environment:checking '/home/zima/d_hospital/install/d_hospital_gz/bin'
[1.844s] INFO:colcon.colcon_core.shell:Creating package script '/home/zima/d_hospital/install/d_hospital_gz/share/d_hospital_gz/package.ps1'
[1.845s] INFO:colcon.colcon_core.shell:Creating package descriptor '/home/zima/d_hospital/install/d_hospital_gz/share/d_hospital_gz/package.dsv'
[1.845s] INFO:colcon.colcon_core.shell:Creating package script '/home/zima/d_hospital/install/d_hospital_gz/share/d_hospital_gz/package.sh'
[1.845s] INFO:colcon.colcon_core.shell:Creating package script '/home/zima/d_hospital/install/d_hospital_gz/share/d_hospital_gz/package.bash'
[1.846s] INFO:colcon.colcon_core.shell:Creating package script '/home/zima/d_hospital/install/d_hospital_gz/share/d_hospital_gz/package.zsh'
[1.847s] Level 1:colcon.colcon_core.environment:create_file_with_runtime_dependencies(/home/zima/d_hospital/install/d_hospital_gz/share/colcon-core/packages/d_hospital_gz)
[4.389s] DEBUG:colcon.colcon_core.event_handler.log_command:Invoked command in '/home/zima/d_hospital/build/minihema_launch' returned '0': CMAKE_PREFIX_PATH=${CMAKE_PREFIX_PATH}:/opt/ros/humble PS1=\[\e]0;\u@\h: \w\a\]${debian_chroot:+($debian_chroot)}\[\033[01;32m\]\u@\h\[\033[00m\]:\[\033[01;34m\]\w\[\033[00m\]\$ /usr/bin/cmake --build /home/zima/d_hospital/build/minihema_launch -- -j16 -l16
[4.390s] DEBUG:colcon.colcon_core.event_handler.log_command:Invoking command in '/home/zima/d_hospital/build/minihema_launch': CMAKE_PREFIX_PATH=${CMAKE_PREFIX_PATH}:/opt/ros/humble PS1=\[\e]0;\u@\h: \w\a\]${debian_chroot:+($debian_chroot)}\[\033[01;32m\]\u@\h\[\033[00m\]:\[\033[01;34m\]\w\[\033[00m\]\$ /usr/bin/cmake --install /home/zima/d_hospital/build/minihema_launch
[4.401s] Level 1:colcon.colcon_core.environment:create_environment_scripts_only(minihema_launch)
[4.402s] DEBUG:colcon.colcon_core.event_handler.log_command:Invoked command in '/home/zima/d_hospital/build/minihema_launch' returned '0': CMAKE_PREFIX_PATH=${CMAKE_PREFIX_PATH}:/opt/ros/humble PS1=\[\e]0;\u@\h: \w\a\]${debian_chroot:+($debian_chroot)}\[\033[01;32m\]\u@\h\[\033[00m\]:\[\033[01;34m\]\w\[\033[00m\]\$ /usr/bin/cmake --install /home/zima/d_hospital/build/minihema_launch
[4.402s] Level 1:colcon.colcon_core.environment:checking '/home/zima/d_hospital/install/minihema_launch' for CMake module files
[4.402s] Level 1:colcon.colcon_core.environment:checking '/home/zima/d_hospital/install/minihema_launch' for CMake config files
[4.403s] Level 1:colcon.colcon_core.shell:create_environment_hook('minihema_launch', 'cmake_prefix_path')
[4.403s] INFO:colcon.colcon_core.shell:Creating environment hook '/home/zima/d_hospital/install/minihema_launch/share/minihema_launch/hook/cmake_prefix_path.ps1'
[4.403s] INFO:colcon.colcon_core.shell:Creating environment descriptor '/home/zima/d_hospital/install/minihema_launch/share/minihema_launch/hook/cmake_prefix_path.dsv'
[4.403s] INFO:colcon.colcon_core.shell:Creating environment hook '/home/zima/d_hospital/install/minihema_launch/share/minihema_launch/hook/cmake_prefix_path.sh'
[4.404s] Level 1:colcon.colcon_core.environment:checking '/home/zima/d_hospital/install/minihema_launch/lib'
[4.404s] Level 1:colcon.colcon_core.environment:checking '/home/zima/d_hospital/install/minihema_launch/bin'
[4.404s] Level 1:colcon.colcon_core.environment:checking '/home/zima/d_hospital/install/minihema_launch/lib/pkgconfig/minihema_launch.pc'
[4.404s] Level 1:colcon.colcon_core.environment:checking '/home/zima/d_hospital/install/minihema_launch/lib/python3.10/site-packages'
[4.404s] Level 1:colcon.colcon_core.environment:checking '/home/zima/d_hospital/install/minihema_launch/bin'
[4.404s] INFO:colcon.colcon_core.shell:Creating package script '/home/zima/d_hospital/install/minihema_launch/share/minihema_launch/package.ps1'
[4.405s] INFO:colcon.colcon_core.shell:Creating package descriptor '/home/zima/d_hospital/install/minihema_launch/share/minihema_launch/package.dsv'
[4.405s] INFO:colcon.colcon_core.shell:Creating package script '/home/zima/d_hospital/install/minihema_launch/share/minihema_launch/package.sh'
[4.405s] INFO:colcon.colcon_core.shell:Creating package script '/home/zima/d_hospital/install/minihema_launch/share/minihema_launch/package.bash'
[4.405s] INFO:colcon.colcon_core.shell:Creating package script '/home/zima/d_hospital/install/minihema_launch/share/minihema_launch/package.zsh'
[4.406s] Level 1:colcon.colcon_core.environment:create_file_with_runtime_dependencies(/home/zima/d_hospital/install/minihema_launch/share/colcon-core/packages/minihema_launch)
[4.406s] Level 1:colcon.colcon_core.environment:create_environment_scripts_only(minihema_launch)
[4.406s] Level 1:colcon.colcon_core.environment:checking '/home/zima/d_hospital/install/minihema_launch' for CMake module files
[4.407s] Level 1:colcon.colcon_core.environment:checking '/home/zima/d_hospital/install/minihema_launch' for CMake config files
[4.407s] Level 1:colcon.colcon_core.shell:create_environment_hook('minihema_launch', 'cmake_prefix_path')
[4.407s] INFO:colcon.colcon_core.shell:Creating environment hook '/home/zima/d_hospital/install/minihema_launch/share/minihema_launch/hook/cmake_prefix_path.ps1'
[4.407s] INFO:colcon.colcon_core.shell:Creating environment descriptor '/home/zima/d_hospital/install/minihema_launch/share/minihema_launch/hook/cmake_prefix_path.dsv'
[4.407s] INFO:colcon.colcon_core.shell:Creating environment hook '/home/zima/d_hospital/install/minihema_launch/share/minihema_launch/hook/cmake_prefix_path.sh'
[4.408s] Level 1:colcon.colcon_core.environment:checking '/home/zima/d_hospital/install/minihema_launch/lib'
[4.408s] Level 1:colcon.colcon_core.environment:checking '/home/zima/d_hospital/install/minihema_launch/bin'
[4.408s] Level 1:colcon.colcon_core.environment:checking '/home/zima/d_hospital/install/minihema_launch/lib/pkgconfig/minihema_launch.pc'
[4.408s] Level 1:colcon.colcon_core.environment:checking '/home/zima/d_hospital/install/minihema_launch/lib/python3.10/site-packages'
[4.408s] Level 1:colcon.colcon_core.environment:checking '/home/zima/d_hospital/install/minihema_launch/bin'
[4.408s] INFO:colcon.colcon_core.shell:Creating package script '/home/zima/d_hospital/install/minihema_launch/share/minihema_launch/package.ps1'
[4.409s] INFO:colcon.colcon_core.shell:Creating package descriptor '/home/zima/d_hospital/install/minihema_launch/share/minihema_launch/package.dsv'
[4.409s] INFO:colcon.colcon_core.shell:Creating package script '/home/zima/d_hospital/install/minihema_launch/share/minihema_launch/package.sh'
[4.409s] INFO:colcon.colcon_core.shell:Creating package script '/home/zima/d_hospital/install/minihema_launch/share/minihema_launch/package.bash'
[4.409s] INFO:colcon.colcon_core.shell:Creating package script '/home/zima/d_hospital/install/minihema_launch/share/minihema_launch/package.zsh'
[4.410s] Level 1:colcon.colcon_core.environment:create_file_with_runtime_dependencies(/home/zima/d_hospital/install/minihema_launch/share/colcon-core/packages/minihema_launch)
[4.454s] DEBUG:colcon.colcon_core.event_handler.log_command:Invoked command in '/home/zima/d_hospital/build/firmware_minihema' returned '0': CMAKE_PREFIX_PATH=${CMAKE_PREFIX_PATH}:/opt/ros/humble PS1=\[\e]0;\u@\h: \w\a\]${debian_chroot:+($debian_chroot)}\[\033[01;32m\]\u@\h\[\033[00m\]:\[\033[01;34m\]\w\[\033[00m\]\$ /usr/bin/cmake --build /home/zima/d_hospital/build/firmware_minihema -- -j16 -l16
[4.455s] DEBUG:colcon.colcon_core.event_handler.log_command:Invoking command in '/home/zima/d_hospital/build/firmware_minihema': CMAKE_PREFIX_PATH=${CMAKE_PREFIX_PATH}:/opt/ros/humble PS1=\[\e]0;\u@\h: \w\a\]${debian_chroot:+($debian_chroot)}\[\033[01;32m\]\u@\h\[\033[00m\]:\[\033[01;34m\]\w\[\033[00m\]\$ /usr/bin/cmake --install /home/zima/d_hospital/build/firmware_minihema
[4.465s] Level 1:colcon.colcon_core.environment:create_environment_scripts_only(firmware_minihema)
[4.466s] Level 1:colcon.colcon_core.environment:checking '/home/zima/d_hospital/install/firmware_minihema' for CMake module files
[4.466s] DEBUG:colcon.colcon_core.event_handler.log_command:Invoked command in '/home/zima/d_hospital/build/firmware_minihema' returned '0': CMAKE_PREFIX_PATH=${CMAKE_PREFIX_PATH}:/opt/ros/humble PS1=\[\e]0;\u@\h: \w\a\]${debian_chroot:+($debian_chroot)}\[\033[01;32m\]\u@\h\[\033[00m\]:\[\033[01;34m\]\w\[\033[00m\]\$ /usr/bin/cmake --install /home/zima/d_hospital/build/firmware_minihema
[4.467s] Level 1:colcon.colcon_core.environment:checking '/home/zima/d_hospital/install/firmware_minihema' for CMake config files
[4.467s] Level 1:colcon.colcon_core.shell:create_environment_hook('firmware_minihema', 'cmake_prefix_path')
[4.467s] INFO:colcon.colcon_core.shell:Creating environment hook '/home/zima/d_hospital/install/firmware_minihema/share/firmware_minihema/hook/cmake_prefix_path.ps1'
[4.468s] INFO:colcon.colcon_core.shell:Creating environment descriptor '/home/zima/d_hospital/install/firmware_minihema/share/firmware_minihema/hook/cmake_prefix_path.dsv'
[4.468s] INFO:colcon.colcon_core.shell:Creating environment hook '/home/zima/d_hospital/install/firmware_minihema/share/firmware_minihema/hook/cmake_prefix_path.sh'
[4.469s] Level 1:colcon.colcon_core.environment:checking '/home/zima/d_hospital/install/firmware_minihema/lib'
[4.469s] Level 1:colcon.colcon_core.shell:create_environment_hook('firmware_minihema', 'ld_library_path_lib')
[4.469s] INFO:colcon.colcon_core.shell:Creating environment hook '/home/zima/d_hospital/install/firmware_minihema/share/firmware_minihema/hook/ld_library_path_lib.ps1'
[4.469s] INFO:colcon.colcon_core.shell:Creating environment descriptor '/home/zima/d_hospital/install/firmware_minihema/share/firmware_minihema/hook/ld_library_path_lib.dsv'
[4.469s] INFO:colcon.colcon_core.shell:Creating environment hook '/home/zima/d_hospital/install/firmware_minihema/share/firmware_minihema/hook/ld_library_path_lib.sh'
[4.469s] Level 1:colcon.colcon_core.environment:checking '/home/zima/d_hospital/install/firmware_minihema/bin'
[4.469s] Level 1:colcon.colcon_core.environment:checking '/home/zima/d_hospital/install/firmware_minihema/lib/pkgconfig/firmware_minihema.pc'
[4.470s] Level 1:colcon.colcon_core.environment:checking '/home/zima/d_hospital/install/firmware_minihema/lib/python3.10/site-packages'
[4.470s] Level 1:colcon.colcon_core.environment:checking '/home/zima/d_hospital/install/firmware_minihema/bin'
[4.470s] INFO:colcon.colcon_core.shell:Creating package script '/home/zima/d_hospital/install/firmware_minihema/share/firmware_minihema/package.ps1'
[4.471s] INFO:colcon.colcon_core.shell:Creating package descriptor '/home/zima/d_hospital/install/firmware_minihema/share/firmware_minihema/package.dsv'
[4.471s] INFO:colcon.colcon_core.shell:Creating package script '/home/zima/d_hospital/install/firmware_minihema/share/firmware_minihema/package.sh'
[4.471s] INFO:colcon.colcon_core.shell:Creating package script '/home/zima/d_hospital/install/firmware_minihema/share/firmware_minihema/package.bash'
[4.471s] INFO:colcon.colcon_core.shell:Creating package script '/home/zima/d_hospital/install/firmware_minihema/share/firmware_minihema/package.zsh'
[4.471s] Level 1:colcon.colcon_core.environment:create_file_with_runtime_dependencies(/home/zima/d_hospital/install/firmware_minihema/share/colcon-core/packages/firmware_minihema)
[4.472s] Level 1:colcon.colcon_core.environment:create_environment_scripts_only(firmware_minihema)
[4.472s] Level 1:colcon.colcon_core.environment:checking '/home/zima/d_hospital/install/firmware_minihema' for CMake module files
[4.472s] Level 1:colcon.colcon_core.environment:checking '/home/zima/d_hospital/install/firmware_minihema' for CMake config files
[4.472s] Level 1:colcon.colcon_core.shell:create_environment_hook('firmware_minihema', 'cmake_prefix_path')
[4.472s] INFO:colcon.colcon_core.shell:Creating environment hook '/home/zima/d_hospital/install/firmware_minihema/share/firmware_minihema/hook/cmake_prefix_path.ps1'
[4.473s] INFO:colcon.colcon_core.shell:Creating environment descriptor '/home/zima/d_hospital/install/firmware_minihema/share/firmware_minihema/hook/cmake_prefix_path.dsv'
[4.473s] INFO:colcon.colcon_core.shell:Creating environment hook '/home/zima/d_hospital/install/firmware_minihema/share/firmware_minihema/hook/cmake_prefix_path.sh'
[4.473s] Level 1:colcon.colcon_core.environment:checking '/home/zima/d_hospital/install/firmware_minihema/lib'
[4.473s] Level 1:colcon.colcon_core.shell:create_environment_hook('firmware_minihema', 'ld_library_path_lib')
[4.473s] INFO:colcon.colcon_core.shell:Creating environment hook '/home/zima/d_hospital/install/firmware_minihema/share/firmware_minihema/hook/ld_library_path_lib.ps1'
[4.473s] INFO:colcon.colcon_core.shell:Creating environment descriptor '/home/zima/d_hospital/install/firmware_minihema/share/firmware_minihema/hook/ld_library_path_lib.dsv'
[4.474s] INFO:colcon.colcon_core.shell:Creating environment hook '/home/zima/d_hospital/install/firmware_minihema/share/firmware_minihema/hook/ld_library_path_lib.sh'
[4.474s] Level 1:colcon.colcon_core.environment:checking '/home/zima/d_hospital/install/firmware_minihema/bin'
[4.474s] Level 1:colcon.colcon_core.environment:checking '/home/zima/d_hospital/install/firmware_minihema/lib/pkgconfig/firmware_minihema.pc'
[4.474s] Level 1:colcon.colcon_core.environment:checking '/home/zima/d_hospital/install/firmware_minihema/lib/python3.10/site-packages'
[4.475s] Level 1:colcon.colcon_core.environment:checking '/home/zima/d_hospital/install/firmware_minihema/bin'
[4.475s] INFO:colcon.colcon_core.shell:Creating package script '/home/zima/d_hospital/install/firmware_minihema/share/firmware_minihema/package.ps1'
[4.475s] INFO:colcon.colcon_core.shell:Creating package descriptor '/home/zima/d_hospital/install/firmware_minihema/share/firmware_minihema/package.dsv'
[4.475s] INFO:colcon.colcon_core.shell:Creating package script '/home/zima/d_hospital/install/firmware_minihema/share/firmware_minihema/package.sh'
[4.476s] INFO:colcon.colcon_core.shell:Creating package script '/home/zima/d_hospital/install/firmware_minihema/share/firmware_minihema/package.bash'
[4.476s] INFO:colcon.colcon_core.shell:Creating package script '/home/zima/d_hospital/install/firmware_minihema/share/firmware_minihema/package.zsh'
[4.476s] Level 1:colcon.colcon_core.environment:create_file_with_runtime_dependencies(/home/zima/d_hospital/install/firmware_minihema/share/colcon-core/packages/firmware_minihema)
[4.476s] DEBUG:colcon.colcon_parallel_executor.executor.parallel:closing loop
[4.476s] DEBUG:colcon.colcon_parallel_executor.executor.parallel:loop closed
[4.476s] DEBUG:colcon.colcon_parallel_executor.executor.parallel:run_until_complete finished with '0'
[4.477s] DEBUG:colcon.colcon_core.event_reactor:joining thread
[4.488s] INFO:colcon.colcon_core.plugin_system:Skipping extension 'colcon_notification.desktop_notification.notify_send': Could not find 'notify-send'
[4.488s] INFO:colcon.colcon_core.plugin_system:Skipping extension 'colcon_notification.desktop_notification.terminal_notifier': Not used on non-Darwin systems
[4.488s] INFO:colcon.colcon_core.plugin_system:Skipping extension 'colcon_notification.desktop_notification.win32': Not used on non-Windows systems
[4.488s] INFO:colcon.colcon_notification.desktop_notification:Sending desktop notification using 'notify2'
[4.506s] DEBUG:colcon.colcon_core.event_reactor:joined thread
[4.507s] INFO:colcon.colcon_core.shell:Creating prefix script '/home/zima/d_hospital/install/local_setup.ps1'
[4.507s] INFO:colcon.colcon_core.shell:Creating prefix util module '/home/zima/d_hospital/install/_local_setup_util_ps1.py'
[4.509s] INFO:colcon.colcon_core.shell:Creating prefix chain script '/home/zima/d_hospital/install/setup.ps1'
[4.510s] INFO:colcon.colcon_core.shell:Creating prefix script '/home/zima/d_hospital/install/local_setup.sh'
[4.510s] INFO:colcon.colcon_core.shell:Creating prefix util module '/home/zima/d_hospital/install/_local_setup_util_sh.py'
[4.510s] INFO:colcon.colcon_core.shell:Creating prefix chain script '/home/zima/d_hospital/install/setup.sh'
[4.511s] INFO:colcon.colcon_core.shell:Creating prefix script '/home/zima/d_hospital/install/local_setup.bash'
[4.512s] INFO:colcon.colcon_core.shell:Creating prefix chain script '/home/zima/d_hospital/install/setup.bash'
[4.513s] INFO:colcon.colcon_core.shell:Creating prefix script '/home/zima/d_hospital/install/local_setup.zsh'
[4.513s] INFO:colcon.colcon_core.shell:Creating prefix chain script '/home/zima/d_hospital/install/setup.zsh'
